project_name,average_cbo,average_dit,average_lcom,sum_loc,stars,releases,age
JavaGuide,0.0,0.0,0.0,0,146019,0,6.38
GitHub-Chinese-Top-Charts,0.0,1.0,0.0,5,98964,0,5.05
hello-algo,1.8744186046511628,1.0,0.0683764230697674,7700,95711,8,1.88
java-design-patterns,3.3648264086511097,1.1974957313602732,0.1220518574183266,32893,89420,0,10.12
mall,3.9407894736842106,1.2394736842105265,0.3562858705921052,100903,77372,3,6.47
advanced-java,0.0,0.0,0.0,0,75737,1,5.96
LeetCodeAnimation,1.0,1.0,0.05,75,75329,0,5.8
spring-boot,5.238631977148151,1.2917470856172315,0.1608153399622481,373663,74567,286,11.93
elasticsearch,8.040225481611209,1.8537379597197896,0.2542726515188813,2415302,69602,155,14.62
interviews,1.303501945525292,1.0077821011673151,0.0212710766147859,5622,63393,0,7.6
Java,2.022265246853824,1.0619554695062925,0.1063293862226524,36489,58713,0,8.83
spring-framework,5.260111616132559,1.4719521316379955,0.1832777398939646,723277,56249,312,13.79
guava,3.9759600374648767,1.8076802997190131,0.1271816387318139,260016,50033,46,10.32
RxJava,2.499789331760344,1.3153282211173842,0.0710658033150754,370365,47844,234,11.7
Stirling-PDF,8.056818181818182,1.3143939393939394,0.2572885827272727,11834,42439,85,1.65
jadx,4.376352107422604,1.6437896307348006,0.2153223055262961,117768,41045,29,11.52
dubbo,5.318595303575206,1.2925745716099006,0.2461222082843241,236553,40391,104,12.26
JeecgBoot,7.270805812417437,1.178335535006605,0.2545083781109643,43195,40107,48,5.82
MPAndroidChart,8.843137254901961,1.9803921568627447,0.316518775,21111,37545,44,10.41
tutorials,4.082619902421063,1.115990057995029,0.1753437178695572,485047,36513,0,11.4
arthas,4.852803738317757,1.3820093457943925,0.3009874159228972,44708,35398,55,6.07
hello-algorithm,1.3333333333333333,1.0,0.0,58,35177,0,4.32
lottie-android,6.83623693379791,1.2926829268292683,0.3156894832055749,17194,34971,52,7.96
termux-app,5.925,1.43125,0.32352064509375,24391,34916,91,8.92
glide,5.972739361702128,1.2373670212765957,0.2244762232340425,59952,34592,47,11.21
halo,7.50265604249668,1.247011952191235,0.2182413781460823,49974,33318,190,6.51
netty,4.230268863833478,1.523995374385661,0.1818353404618386,326708,33297,0,13.87
AndroidUtilCode,4.155223880597015,1.364179104477612,0.228167053022388,39995,33243,117,8.15
spring-boot-demo,5.035343035343035,1.130977130977131,0.0875766834511434,7155,32891,0,6.87
zxing,5.00672268907563,1.7092436974789915,0.3281418657310924,39885,32672,31,12.95
easyexcel,6.569642857142857,1.375,0.2261029001660714,20545,32023,14,6.63
NewPipe,8.334500875656742,1.6532399299474605,0.3319478435376532,40796,31101,131,9.05
leetcode,2.526666666666667,1.0066666666666666,0.2465656098666666,4028,30960,20,7.54
selenium,5.77377753895755,1.3868887694787748,0.2198649803240193,86100,30232,98,11.69
spring-boot-examples,4.666666666666667,1.0264026402640265,0.1111172860396039,4171,30166,0,7.88
nacos,5.431856611430504,1.2918498478187352,0.2807190324822455,136649,30059,71,6.27
apollo,7.112656467315716,1.2642559109874827,0.3167447824200278,31774,29063,40,8.55
hutool,3.6453182002432105,1.2890149979732468,0.2631173191390353,123462,28951,145,10.44
kafka,7.413078747036066,1.3775115437414205,0.2978811664704854,597792,28418,0,13.11
canal,5.82824427480916,1.3807251908396947,0.3487309256545801,112434,28359,31,11.69
SpringAll,5.137096774193548,1.1129032258064515,0.2249660174462365,5988,28240,0,6.39
druid,5.09655293703834,1.9300035174111851,0.1475203925304256,332570,27900,51,11.91
spring-cloud-alibaba,5.816265060240964,1.1280120481927711,0.2348939473493976,20656,27816,42,6.81
xxl-job,4.693251533742331,1.1349693251533743,0.2954042888343558,8637,27395,33,8.82
vhr,4.4361702127659575,1.0212765957446808,0.3027147417021276,2971,27297,0,6.72
JCSprout,1.962962962962963,1.0925925925925926,0.1458681841358024,4399,27070,0,6.77
ruoyi-vue-pro,7.792868217054264,1.2378294573643411,0.1498640986207751,76008,26802,28,3.66
miaosha,4.146853146853147,1.1258741258741258,0.2730070740909091,8581,26191,0,6.02
fastjson,1.8530109056424848,1.504188398925241,0.1199221560850324,206496,25722,84,12.89
butterknife,3.974264705882353,1.2352941176470589,0.1515800144485294,7712,25560,0,11.55
toBeTopJavaer,0.0,0.0,0.0,0,25297,0,5.91
incubator-seata,6.735759493670886,1.887974683544304,0.2401014856693038,209510,25226,41,5.74
proxyee-down,5.516666666666667,1.4666666666666666,0.3806067168333333,3392,24936,49,6.91
SmartRefreshLayout,6.469543147208122,1.6649746192893402,0.1526379157106598,18989,24892,12,7.31
Telegram,6.751153907369091,1.6401400604806622,0.2737173289309247,1574345,24795,94,10.91
EventBus,3.4262295081967213,1.836065573770492,0.157772796557377,5269,24665,7,12.19
Hystrix,3.345635910224439,1.568079800498753,0.1107139369481296,62010,24071,79,11.84
flink,7.094509124602183,1.6429923860935425,0.3111419350903194,1162807,23860,0,10.29
skywalking,6.032486930545183,1.401045556385362,0.231643854126587,85372,23719,60,8.88
gson,2.9964028776978417,1.2176258992805755,0.0926630785530575,34568,23275,7,9.51
redisson,5.892501912777353,1.3431522570772765,0.1843327740703902,153636,23213,154,10.7
libgdx,5.139358747790962,1.80308003029538,0.2458560141792476,280632,23165,11,12.11
jenkins,6.092128135088155,1.9495902657064808,0.2225979109468587,181104,22996,367,13.83
bazel,7.388235294117647,1.5811936453413482,0.2454065218320309,627641,22994,153,10.28
keycloak,6.561858251940897,1.5780115201602805,0.340033321170298,464413,22379,63,11.23
Sentinel,4.441255006675568,1.1775700934579438,0.2249699951141522,55001,22322,25,6.47
source-code-hunter,0.0,0.0,0.0,0,22007,0,4.9
ExoPlayer,7.539164888753429,1.2922889362999086,0.2951405353614751,262348,21705,28,10.28
openapi-generator,4.866478003601749,1.2397736043220993,0.2788420981636223,221809,21359,66,6.37
FizzBuzzEnterpriseEdition,2.901098901098901,1.0,0.0429853483516483,894,21241,0,11.83
eladmin,7.749116607773852,1.1802120141342756,0.2074164997879858,7752,21210,1,5.77
rocketmq,6.777177825773938,1.3286537077033838,0.3114291077822174,207476,21093,19,7.81
GSYVideoPlayer,5.492537313432836,1.582089552238806,0.234310045389718,30718,20103,47,7.86
DoKit,4.502868068833652,1.319949012109624,0.2533827744811982,80596,20091,10,6.11
RxAndroid,2.272727272727273,1.1272727272727272,0.069543487090909,1452,19886,20,10.09
Apktool,6.4804469273743015,1.88268156424581,0.3100382176536312,12387,19876,23,12.51
HikariCP,4.386503067484663,1.3006134969325154,0.2248583621472392,10652,19870,0,10.96
shardingsphere,6.510472177469327,1.4906432023794771,0.1637072338531416,189470,19799,56,8.68
mybatis-3,3.548447204968944,1.2577639751552796,0.2109196640124223,55477,19699,43,11.6
litemall,4.615883306320908,1.1280388978930307,0.421738771419773,90884,19123,8,6.51
SpringBoot-Labs,4.29290144727774,1.0544452101998625,0.135051560889042,17375,18982,0,6.03
PhotoView,4.733333333333333,1.3555555555555556,0.1632265973333333,1792,18771,5,12.18
SmartTube,6.58496,1.54016,0.31392253552352,231025,18710,496,4.15
cat,5.487830687830688,1.415873015873016,0.3097296124740741,97660,18636,3,11.8
SpringCloudLearning,4.594405594405594,1.048951048951049,0.0864801875524475,1142,17848,0,7.46
dataease,4.877175025588536,1.2374616171954964,0.1721490913408393,34471,17413,82,3.64
disruptor,4.480487804878049,1.2902439024390244,0.2466430213414634,13167,17366,14,12.0
awesome-system-design-resources,0.7,1.0,0.152916667,276,17333,0,0.91
LSPosed,5.522248243559719,1.6463700234192038,0.1925203107166276,22952,17223,39,3.78
tinker,4.7362204724409445,1.5905511811023625,0.3003689615472441,39607,17137,57,8.04
Algorithms,2.611231101511879,1.0539956803455723,0.3294549254211663,32494,17128,0,7.52
APIJSON,5.567164179104478,1.2686567164179106,0.4484587023880597,12529,17103,100,7.84
fresco,6.925955414012739,1.392515923566879,0.2719672263495223,63248,17072,51,9.56
antlr4,5.804545454545455,1.813636363636364,0.276687456230303,40886,16997,31,14.63
DSA-Bootcamp-Java,1.2924901185770752,1.08300395256917,0.1058899098814229,6598,16924,0,3.15
Android-Universal-Image-Loader,4.864285714285714,1.5857142857142856,0.3206420508571428,7434,16786,0,12.82
java8-tutorial,1.0340909090909092,1.0,0.0844065668181818,2081,16726,0,10.52
zheng,4.530451866404715,1.4086444007858543,0.333403774577603,41742,16664,0,7.97
analysis-ik,4.911764705882353,1.3529411764705883,0.4756769467647058,2250,16489,208,12.77
JustAuth,5.394444444444445,1.3333333333333333,0.0908249156666666,5504,16402,45,5.64
mybatis-plus,5.572234762979684,1.3431151241534989,0.1717784129142212,31462,16297,31,8.1
material-components-android,7.067137809187279,1.5265017667844525,0.227675700333165,107739,16278,97,7.8
springboot-learning-example,4.7105263157894735,1.043859649122807,0.1681116343859649,1631,16233,0,7.62
conductor,6.403436988543372,1.2004909983633387,0.2944438968330606,74282,16216,11,7.79
Sa-Token,4.523642732049037,1.3117338003502628,0.2107336841155866,22671,16171,33,4.64
yudao-cloud,7.7448698315467075,1.2232771822358346,0.1474468512257274,73903,16089,14,5.39
presto,8.728349497897176,1.3757617371899409,0.3103217746001717,707701,15924,0,12.12
DataX,4.436714165968148,1.7141659681475272,0.2803679407493713,78803,15787,7,6.68
BigData-Notes,5.714285714285714,1.2207792207792207,0.1680735953246753,2124,15754,0,5.54
caffeine,5.028432168968318,1.6441917140536149,0.216560722514216,76887,15730,68,9.78
SpringBoot-Learning,4.468401486988848,1.0260223048327135,0.0773268633457249,2813,15700,0,8.09
Android-CleanArchitecture,5.142857142857143,1.4285714285714286,0.2471206234285714,2260,15514,0,10.09
VirtualXposed,3.860977288368892,2.792842395044735,0.1083681093613214,47736,15369,50,6.81
Chat2DB,5.948412698412699,1.2509920634920637,0.1824049880714285,32697,14891,38,1.26
mockito,3.3384615384615386,1.4019230769230768,0.1303110661884615,51565,14821,211,11.94
hadoop,7.332964499769479,1.6130474873213465,0.2983785340857538,1639616,14656,0,10.07
bytecode-viewer,4.501291989664082,2.136950904392765,0.244280560129199,19877,14612,59,9.94
CircleImageView,11.0,2.333333333333333,0.3082367333333333,360,14556,0,10.68
flink-learning,4.305555555555555,1.125,0.1734610675520833,13941,14493,0,5.72
ARouter,3.704081632653061,1.4081632653061225,0.1862172529591836,3165,14443,16,7.77
QMUI_Android,5.468105065666041,1.629455909943715,0.2146639507973733,58309,14418,35,7.42
tech-interview-for-developer,1.3076923076923077,1.0,0.12637363,609,14393,0,5.29
questdb,5.90371433126096,1.7390403315797864,0.2472561516631596,491919,14357,85,10.4
vert.x,6.277470841006752,1.5211786372007363,0.2361986140392879,140733,14253,0,13.27
pulsar,6.831360946745562,1.693293885601578,0.2169281090487461,487719,14137,90,8.24
Arduino,4.126666666666667,1.768888888888889,0.23632443306,25793,14124,37,14.01
jd-gui,4.538083538083538,2.4176904176904177,0.2420293232972973,19309,13942,18,9.5
logger,5.833333333333333,1.1666666666666667,0.3125860744444445,827,13816,16,9.51
deeplearning4j,8.471868365180468,2.215322009907997,0.2512007537169144,551561,13612,0,10.82
jib,6.90299572039943,1.222539229671897,0.3049966043780314,35079,13606,161,6.66
quarkus,5.140415489684271,1.22562305574427,0.2178879235111381,814530,13580,334,6.21
Luban,2.9655172413793105,1.1724137931034482,0.2124455444827586,1088,13559,6,8.16
Material-Animations,4.4,1.4666666666666666,0.1596208079999999,1010,13529,0,9.54
spring-analysis,2.4242424242424243,1.2424242424242424,0.094949496060606,378,13510,0,8.04
tink,7.441638225255972,1.2928327645051194,0.3363041674935153,82161,13476,21,10.3
AndroidAutoSize,5.408163265306122,1.4081632653061225,0.1303740408163265,1720,13459,14,6.1
zuul,6.407786885245901,1.5901639344262295,0.2455200025102459,20913,13447,9,11.53
Android-PickerView,3.725274725274725,1.1538461538461535,0.1322340772527472,4421,13444,0,9.74
druid,7.682967959527825,1.3438026981450253,0.2600695302171164,730208,13413,61,11.91
pinpoint,5.158933760897885,1.1470087183084476,0.2389737077143,366542,13380,58,9.92
PictureSelector,5.156037991858887,1.237449118046133,0.177083369385346,39103,13255,116,7.72
Ehviewer_CN_SXJ,7.349489795918367,1.7895408163265305,0.3273330022895408,64171,13215,87,3.87
onedev,5.763345665961945,1.409355179704017,0.2352909297478858,269646,13192,355,5.88
piggymetrics,6.040404040404041,1.0606060606060606,0.2273909768686868,1881,13180,2,9.49
neo4j,6.535541259629895,1.619093002938607,0.2544640431759987,720560,13146,72,11.86
mall-learning,4.848979591836735,1.1061224489795918,0.2799477363265306,14269,12930,0,5.45
banner,6.082191780821918,1.8356164383561644,0.2538376587671233,2724,12864,0,8.42
conductor,7.463855421686747,1.25,0.3080583905813253,47052,12829,319,7.79
mit-deep-learning-book-pdf,0.0,1.0,0.0,2,12735,3,7.46
Java,0.7648953301127214,1.173913043478261,0.048584344879227,10966,12715,0,8.83
supertokens-core,10.743063932448733,1.575392038600724,0.608266391544029,89955,12708,76,4.71
dolphinscheduler,6.510423905489923,1.354412786657401,0.224510264341904,102891,12696,52,5.56
stetho,4.379251700680272,1.423469387755102,0.1835761668537414,19239,12669,13,9.66
greenDAO,5.019230769230769,2.101648351648352,0.2928505436428572,18545,12627,8,12.92
Matisse,6.657894736842105,1.394736842105263,0.297988784736842,3418,12518,15,7.44
zaproxy,4.601593625498008,1.9099601593625497,0.4098399699151394,181887,12514,10,9.31
guice,3.766320277111644,1.286970423661071,0.0777736821175059,79671,12465,19,10.32
AndroidViewAnimations,3.3780487804878048,1.804878048780488,0.0490474871951219,965,12422,9,10.25
eureka,5.920485175202156,1.2708894878706198,0.2260320349272237,32879,12370,149,12.16
AndroidSwipeLayout,3.716216216216216,1.3243243243243243,0.1201166875675675,2770,12369,18,10.08
doris,8.101721645419898,1.718096990406098,0.3350721252524641,557823,12341,56,7.12
spring-boot-admin,7.645161290322581,1.253763440860215,0.2266460826666666,13818,12336,122,10.16
dex2jar,5.430823117338004,1.5709281961471104,0.1999506333555166,41715,12224,8,9.52
languagetool,5.308531359563693,1.5987534086482276,0.2957798305449942,198884,12214,0,11.12
Mybatis-PageHelper,5.815642458100559,1.4245810055865922,0.1391804537988827,7338,12180,14,10.29
zookeeper,5.708429561200924,1.9757505773672053,0.2748488591108545,120867,12155,0,15.49
COLA,4.249003984063745,1.348605577689243,0.1724010464940238,7995,11883,11,6.63
uCrop,6.298701298701299,1.3636363636363635,0.2737506932467532,4669,11854,17,8.71
VasSonic,4.198198198198198,1.279279279279279,0.2167029649549549,7421,11815,10,7.14
jedis,4.986767485822306,1.4243856332703213,0.2081757327712665,95973,11800,107,14.28
mall-swarm,3.7942332896461335,1.2319790301441678,0.3615060568938401,101601,11695,3,4.83
matrix,5.816941852117732,1.346015793251974,0.2495786247322326,79032,11576,16,5.78
fullstack-tutorial,0.0,0.0,0.0,0,11548,0,6.44
metersphere,6.554770318021202,1.2938751472320378,0.2534666510901059,293409,11497,166,4.64
cryptomator,8.326968973747016,1.4272076372315037,0.2785143187112172,15794,11488,178,10.64
realm-java,4.327405857740586,1.2102510460251046,0.1516833833943514,110167,11450,0,12.42
webmagic,4.531976744186046,1.183139534883721,0.219566345116279,8772,11379,26,11.42
grpc-java,5.637626022446262,1.408978504850675,0.1942564189925813,243974,11369,167,9.79
CtCI-6th-Edition,2.167487684729064,1.0689655172413792,0.127360444591133,21093,11291,0,9.23
android-interview-questions,0.0,1.0,0.0,5,11268,0,7.2
ImmersionBar,6.352112676056338,2.105633802816901,0.3361429497183099,7237,11268,0,7.43
PermissionsDispatcher,1.6218487394957983,1.226890756302521,0.0770866244537815,3184,11222,40,9.1
SlidingMenu,5.081081081081081,1.945945945945946,0.1359926502702702,3085,11080,0,12.23
interview,2.0149925037481258,1.0374812593703149,0.0608625226536731,27259,11078,0,10.17
androidannotations,5.990644490644491,1.7162162162162162,0.2093794391787941,28796,11063,0,12.71
FlycoTabLayout,6.454545454545454,1.5454545454545454,0.2376189266666666,2730,11050,4,8.87
newbee-mall,5.033707865168539,1.0674157303370786,0.3508714405617977,3935,11032,0,5.0
FileDownloader,4.5278810408921935,1.687732342007435,0.2520043358736059,14387,11017,65,8.75
SmarterStreaming,3.8263473053892216,1.0538922155688624,0.0816620993413173,10243,10922,0,8.49
jsoup,5.926229508196721,1.7923497267759565,0.20299031284153,34012,10881,14,14.76
cas,9.113936081739338,1.4736842105263157,0.1981163412788404,214710,10865,276,13.04
javapoet,4.515151515151516,1.1515151515151516,0.2700220793939394,7543,10808,0,11.64
vlayout,5.314465408805032,1.8553459119496856,0.286222690754717,14042,10801,34,7.57
OpenRefine,6.428991905813098,1.6615158204562177,0.2683588333370125,68465,10799,60,11.94
android-async-http,5.662337662337662,1.7857142857142858,0.3513267041558441,7620,10631,3,13.59
okhttp-OkGo,5.659279778393352,1.623268698060942,0.1842166075069251,13418,10593,14,8.69
kkFileView,7.048780487804878,1.048780487804878,0.3573172475609756,9533,10542,15,6.78
RxPermissions,4.65,1.1,0.1825949975,876,10481,11,8.98
Java-WebSocket,3.6826568265682655,1.7822878228782288,0.1560425913284132,12881,10474,18,14.67
JiaoZiVideoPlayer,7.27536231884058,2.1159420289855078,0.3317279010144927,4511,10467,78,8.63
debezium,6.828461291358818,1.63732733697398,0.3084623853874076,199195,10459,0,8.67
clojure,3.599781897491821,1.495092693565976,0.1318573247131952,46790,10442,0,14.23
auto,4.11062335381914,1.7058823529411764,0.1336565111150131,31936,10416,66,11.33
jvm,0.0,1.0,0.0,5,10414,0,6.25
plantuml,7.056094929881338,1.5369471413160734,0.2633579609220604,186331,10336,45,13.88
MVPArms,6.644295302013423,1.2818791946308723,0.3464994769127517,5986,10276,25,8.13
jjwt,5.661764705882353,2.020220588235294,0.2306231605606617,15901,10210,7,10.03
VirtualApp,3.832394366197183,2.5880281690140845,0.120042441212676,46624,10161,0,8.21
ViewPagerIndicator,6.015151515151516,2.712121212121212,0.2106279766666666,2947,10137,0,13.14
pkl,6.041379310344827,4.310344827586207,0.1541940476558621,53995,10133,8,0.68
Activiti,5.684902840059791,1.5414050822122571,0.2517682264747384,152912,10077,969,12.02
glide-transformations,5.555555555555555,2.1481481481481484,0.454787302962963,991,9899,0,9.7
easypermissions,8.93939393939394,1.4848484848484849,0.4783168818181818,1705,9860,12,8.75
paascloud-master,6.002688172043011,1.336021505376344,0.156810248938172,16488,9833,0,6.52
AVLoadingIndicatorView,3.565217391304348,1.7826086956521738,0.1656941835869565,2161,9745,1,8.91
JsBridge,3.5172413793103448,1.1724137931034482,0.2270960965517241,1037,9736,0,9.57
Fragmentation,5.232394366197183,1.7077464788732395,0.2211500871478873,8981,9718,30,8.58
MagicIndicator,5.0,1.3398058252427183,0.2137246427184466,4533,9714,12,8.24
Paper,11.30952380952381,1.0952380952380951,0.5500342533333333,3095,9701,1,8.67
datahub,11.036846275752774,1.1830427892234547,0.3134551284203645,119442,9690,88,8.85
resilience4j,7.065883887801696,1.4990215264187867,0.1987177084651011,58689,9679,34,9.31
xManager,1.876615746180964,1.0129259694477086,0.007807039306698,44993,9663,49,3.62
CoreNLP,5.943713118474807,1.6393554244212438,0.3387941985469814,565452,9651,16,11.24
Android-ObservableScrollView,5.014925373134329,1.9671641791044776,0.1865155288059701,12621,9651,0,9.87
spark,4.542986425339366,1.2986425339366516,0.2450229593348416,9588,9636,0,13.39
react-native-camera,0.0,0.0,0.0,0,9633,144,9.48
android-Ultra-Pull-To-Refresh,4.043478260869565,1.4161490683229814,0.1288463190062111,5476,9584,8,9.86
spring-boot-api-project-seed,5.0,1.2666666666666666,0.21583417,484,9579,4,7.25
DanmakuFlameMaster,5.162790697674419,1.6104651162790695,0.3113298068023256,12879,9544,5,11.12
OpenSearch,7.396235025670279,1.7681688533941815,0.2339857701147176,1173559,9540,48,3.64
android-gif-drawable,6.15625,1.65625,0.24509016234375,2920,9538,61,11.64
spider-flow,5.385093167701863,1.7329192546583851,0.3206707262732919,8748,9501,2,4.49
AndroidSlidingUpPanel,4.941176470588236,1.3529411764705883,0.1903689670588235,2011,9496,8,11.31
Mycat-Server,4.940356312935709,1.2935708752904724,0.3425725453005422,92943,9493,7,9.8
aws-doc-sdk-examples,6.833986928104575,1.034640522875817,0.1800405017718954,70565,9448,0,8.09
zfile,6.95970695970696,1.5677655677655675,0.1627011141758241,6839,9433,61,5.1
feign,4.855879752431477,1.7276746242263483,0.1298491826923077,33843,9433,37,11.24
PocketHub,6.575471698113208,1.481132075471698,0.2218109263018868,6980,9391,1,13.04
AgentWeb,5.3984375,1.48828125,0.2116799485195312,11320,9234,21,7.36
cim,4.972972972972973,1.281081081081081,0.169145637081081,7622,9225,7,6.34
lawnchair,9.314601566098572,1.5734684477199448,0.3400866224242285,147642,9199,29,7.56
testing-samples,5.5,1.3488372093023255,0.2621100987209302,1849,9183,0,9.95
AndroidNote,4.875,1.375,0.2824350575,402,9150,0,8.71
Signal-Server,8.810625535561268,1.477292202227935,0.2754100925972579,53822,9134,0,10.79
CalendarView,6.568181818181818,2.159090909090909,0.3134293677272727,11557,9103,0,7.53
MaterialDesignLibrary,4.536585365853658,1.8170731707317076,0.2656804002439024,2927,8994,3,9.98
VirtualAPK,4.895705521472393,1.6134969325153374,0.2888462302760736,7981,8978,4,7.23
android-gpuimage,2.9607843137254903,2.156862745098039,0.3017129613071895,6341,8975,0,11.97
sonarqube,7.198706643151088,1.1848324514991182,0.3456779226465608,403646,8942,52,13.71
Aegis,7.415704387990762,1.702078521939954,0.2768236515242494,22452,8872,63,8.1
JsonPath,4.557065217391305,1.486413043478261,0.1756113352798913,16468,8869,10,13.66
storm,4.433607520564042,1.285546415981199,0.3012691468343126,60552,8839,0,10.88
Jetpack-MVVM-Best-Practice,4.840336134453781,1.6218487394957983,0.2066274649579832,3691,8829,0,4.9
StatusBarUtil,4.151515151515151,1.5454545454545454,0.1505296881818182,1036,8813,0,8.6
Android_Data,2.0,1.0,0.0,116,8726,0,9.47
EhViewer,7.144758735440932,1.821963394342762,0.2872977236023294,44372,8726,97,10.36
spring-security,7.35261612847522,1.2436539457779312,0.2231818270516318,234567,8722,193,12.7
cassandra,6.583442347224818,1.7885441973462903,0.2634966138120912,618120,8714,0,15.34
Android-PullToRefresh,6.024390243902439,2.109756097560976,0.1901676785365853,3567,8704,0,12.82
awesome-java-leetcode,1.6805555555555556,1.0,0.0277777788888888,1772,8694,0,7.43
SpringCloud,6.534090909090909,1.428030303030303,0.100239147840909,3091,8680,0,7.17
starrocks,7.483736664064533,1.4863387978142075,0.2740505782211813,619068,8680,118,3.05
Android-SpinKit,4.816901408450704,3.1690140845070425,0.0966280126760563,1812,8617,0,8.51
Calligraphy,5.72,1.44,0.2934489219999999,968,8589,4,10.76
AndResGuard,3.5303030303030303,1.5,0.4280275418181818,6506,8528,4,8.95
junit4,3.740992522093814,1.4541128484024473,0.1752008178966689,32946,8518,13,15.69
epoxy,7.5496062992125985,1.7669291338582678,0.4361572128031496,48651,8505,76,8.12
dropwizard,6.0102189781021895,1.5175182481751823,0.1925353884824817,39867,8499,164,13.67
jna,4.879237288135593,2.536864406779661,0.2477245306665254,106618,8471,0,13.4
react-native-image-picker,5.818181818181818,1.5454545454545454,0.3321405845454545,799,8449,131,9.29
BottomBar,4.909090909090909,1.2878787878787878,0.148026968030303,2834,8418,4,8.52
shenyu,5.979068396226415,1.228183962264151,0.2905963676255896,129458,8414,10,6.2
Android-Debug-Database,4.147540983606557,1.278688524590164,0.2260549821311475,2393,8397,14,7.85
hsweb-framework,6.231143552311435,1.3223844282238444,0.2076870280048661,24072,8317,28,8.68
GmsCore,5.574532287266144,1.700060350030175,0.2693395127495473,49680,8302,34,10.41
jmeter,5.511939429237041,1.8887594641817125,0.4546498522108328,127426,8269,10,14.32
tsunami-security-scanner,6.212765957446808,1.5390070921985817,0.1798930717021276,8275,8206,23,4.3
MaterialViewPager,4.545454545454546,1.2954545454545454,0.1819900425,1616,8136,11,9.42
atlas,5.814949863263446,1.438468550592525,0.2676118243413856,157514,8125,7,7.56
flyway,5.827639751552795,1.4891304347826086,0.2303090164860248,27891,8123,226,11.77
AndroidPdfViewer,4.947368421052632,1.2456140350877194,0.2445643803508772,3328,8120,0,8.3
shardingsphere-elasticjob,5.36734693877551,1.153061224489796,0.189933556382653,15073,8116,30,9.03
LitePal,5.009950248756219,1.6517412935323383,0.2474861741791044,11830,8100,0,11.59
karate,6.197255574614065,1.2058319039451115,0.3640323353138936,40580,8087,53,7.62
otter,4.556327160493828,1.373456790123457,0.278184795220679,68163,8052,10,11.12
spring-reading,2.806896551724138,1.0275862068965518,0.014187192275862,3039,8000,0,1.02
testcontainers-java,5.439724454649828,1.4822043628013777,0.2696233286750861,29428,7973,76,9.45
SimianArmy,5.845901639344262,1.4229508196721312,0.2792038466557377,16056,7971,4,12.21
hugo,5.714285714285714,1.1428571428571428,0.1714285714285714,384,7920,0,10.83
subsampling-scale-image-view,5.625,1.5833333333333333,0.1855354468055555,4262,7866,21,11.07
HomeMirror,2.727272727272727,1.0757575757575757,0.1346804945454545,1719,7861,0,9.08
UltimateAndroidReference,1.0,1.0,0.25,22,7845,0,7.45
im-server,6.634693877551021,1.553061224489796,0.3119597638826531,155907,7844,98,5.66
flowable-engine,6.540900372334424,1.6240550603633082,0.2598591097648652,512325,7833,26,7.94
seatunnel,6.662609155861339,1.322836729293464,0.2951210694585869,172353,7833,47,7.13
material-theme-jetbrains,4.327731092436975,2.2549019607843137,0.2028663323249299,14517,7832,17,9.0
metrics,5.445266272189349,1.3446745562130178,0.2521450628994082,27934,7830,118,14.57
beam,7.380298321939093,1.5331883157240522,0.2153902212433809,713652,7782,44,8.64
RxLifecycle,6.45679012345679,1.654320987654321,0.1170554769135802,2368,7715,22,9.18
XPopup,4.704918032786885,1.5770491803278688,0.1686886391147541,12348,7712,221,5.79
kestra,8.130591630591631,1.4913419913419914,0.2214164743838383,44816,7675,121,5.08
ysoserial,5.458333333333333,1.3416666666666666,0.1236507957499999,3851,7653,1,9.65
pentaho-kettle,5.9324581258488,1.2783159800814847,0.2378568156133091,768701,7640,1,10.96
vjtools,3.134564643799472,1.2770448548812663,0.2372687205277044,18382,7631,9,6.32
transmittable-thread-local,5.587096774193548,1.4322580645161291,0.2821492918709677,6932,7600,58,10.94
MVVMHabit,3.58307210031348,1.2727272727272727,0.1357531791849529,9110,7584,3,7.17
FrameworkBenchmarks,4.970588235294118,1.2240896358543418,0.2232609142016806,17440,7568,17,11.5
MyBookshelf,6.336322869955157,1.469357249626308,0.2479357073841554,48375,7563,165,6.28
RxJava-Android-Samples,6.627906976744186,1.825581395348837,0.2573426481395349,2633,7548,0,10.17
AndroidAsync,3.613259668508287,1.5322283609576428,0.1352332818416206,18086,7520,0,12.08
javacv,6.117117117117117,2.130630630630631,0.3326750234054054,26856,7519,11,10.42
android-classyshark,3.169811320754717,1.278301886792453,0.2392573286792453,8714,7511,17,8.95
tomcat,4.557305336832896,1.7591863517060369,0.3246357075942695,356593,7495,0,12.98
hellocharts-android,6.300653594771242,1.522875816993464,0.3134995760784314,10995,7435,14,9.95
react-native-svg,6.82,2.635,0.2731196693,12492,7432,113,8.68
Shadow,4.249258160237389,1.7789317507418398,0.1637546571513353,21848,7424,5,5.28
algs4,4.029090909090909,1.0218181818181815,0.3425358652363636,21791,7412,0,9.06
swagger-core,4.891272189349112,1.2292899408284024,0.1286581591974852,38852,7374,105,13.22
closure-compiler,6.473314606741573,1.4827949438202248,0.2834296201095505,316504,7370,0,10.44
SpringCloud-Learning,5.8630573248407645,1.0445859872611465,0.3028260787261146,13482,7358,0,8.09
LeetCode,1.2269503546099292,1.0,0.17232073,3275,7350,0,4.7
ShortcutBadger,5.290322580645161,1.1612903225806452,0.3193044406451613,885,7347,0,10.85
aeron,7.543859649122807,1.2870813397129186,0.3515459392105263,114609,7331,101,10.62
graylog2-server,8.059142212189617,1.3432656132430398,0.2556872728725357,224525,7330,0,14.35
Mapper,5.056768558951965,1.24235807860262,0.1803799068646288,19092,7320,7,9.84
dagger,3.180246913580247,1.2296296296296296,0.1000418899259259,8017,7306,0,12.14
Android-Bootstrap,6.962025316455696,1.6708860759493671,0.4668813674683544,10389,7285,5,10.89
sweet-alert-dialog,4.375,1.25,0.250726355625,943,7268,2,9.93
VBlog,4.551724137931035,1.0344827586206895,0.2829943558620689,781,7266,0,6.74
RePlugin,5.197368421052632,1.4166666666666667,0.2745903243903508,30275,7252,19,7.29
TakePhoto,5.054545454545455,1.2545454545454546,0.3413718227272727,2403,7242,15,9.14
UltimateRecyclerView,5.214659685863874,1.693717277486911,0.2289241540575916,16083,7224,9,9.65
SDE-Interview-Questions,0.0,1.0,0.0,5,7215,1,6.91
agera,6.327586206896552,1.2413793103448276,0.2075600791724138,10897,7198,16,8.77
WeChatLuckyMoney,5.380952380952381,1.380952380952381,0.2515286904761905,931,7188,20,8.98
xmall,4.310126582278481,1.1613924050632911,0.4329137507468354,45165,7146,0,7.15
baritone,6.685774946921444,1.3864118895966029,0.2118291252569002,22113,7137,77,6.14
ActionBarSherlock,6.283372365339578,1.9508196721311477,0.2513878046604215,26463,7100,32,13.55
gocd,7.436771137026239,1.2470845481049562,0.2414559196603498,271554,7099,81,10.78
SmartTabLayout,6.355555555555555,1.6444444444444444,0.2313984654444444,1912,7089,0,9.6
awesome-low-level-design,2.123943661971831,1.0985915492957747,0.2698807607323943,7710,7085,0,0.85
mapstruct,3.838340807174888,1.1867713004484306,0.3199455167360986,92842,7051,34,12.32
Timber,5.399558498896247,1.4613686534216337,0.1937282558057395,21859,6993,5,9.28
elasticsearch-sql,9.758490566037736,2.128301886792453,0.3216236189169811,32643,6990,246,10.08
nanohttpd,4.340277777777778,1.7916666666666667,0.2080321235416666,7106,6935,3,12.11
KnowStreaming,6.972162740899358,1.811563169164882,0.2233519425160599,31517,6916,23,4.51
DroidPlugin,3.301526717557252,4.388040712468193,0.1049312355216284,22301,6893,2,9.07
MinecraftForge,6.832618025751073,2.220723482526058,0.3154488450275904,60437,6888,0,12.65
okhttputils,3.7285714285714286,1.457142857142857,0.2198929661428571,1961,6877,0,9.1
error-prone,5.81247080803363,1.510042036431574,0.1419904342171882,124589,6823,47,10.09
HMCL,6.763207547169811,1.6367924528301887,0.3231598169415094,61502,6812,214,9.25
rest-assured,6.150568181818182,1.1988636363636365,0.1775275191889204,28526,6811,0,13.92
LSPatch,4.342465753424658,1.3493150684931507,0.2395623425684931,7008,6807,9,3.56
alluxio,6.737950138504155,1.4842105263157894,0.3307437915085872,225214,6805,61,11.75
netty-socketio,4.982142857142857,1.2678571428571428,0.2425222507738095,6190,6772,17,12.7
PowerJob,5.706043956043956,1.1771978021978022,0.1957084085302197,23528,6768,49,4.52
jvm-sandbox,3.4827586206896552,1.326436781609195,0.1590364603908046,14407,6761,13,7.14
walle,3.148936170212766,1.1914893617021276,0.2920037702127659,4633,6756,1,7.7
react-native-push-notification,6.310344827586207,1.2413793103448276,0.2403321,1884,6752,35,8.77
angel,7.5470494417862835,1.7331206804891015,0.2814035871158957,204252,6728,19,7.41
AndroidAutoLayout,5.833333333333333,2.0,0.2630968567948718,2370,6675,0,8.84
JavaTutorial,0.3333333333333333,1.0,0.0,14,6671,1,6.4
AndroidPerformanceMonitor,4.074074074074074,1.2777777777777777,0.3514218377777777,2234,6660,0,8.68
mybatis-generator-gui,7.17948717948718,1.4871794871794872,0.4305159923076924,3047,6659,16,8.37
rabbitmq-tutorials,4.823529411764706,1.0,0.1047008537254901,1479,6632,0,14.0
AndPermission,3.994047619047619,1.1666666666666667,0.1457736844642857,4486,6625,0,8.03
haven,6.822784810126582,1.3924050632911391,0.2939560558227848,4561,6616,37,7.56
PojavLauncher,6.177083333333333,1.4010416666666667,0.305110029375,25554,6596,125,4.53
storm,5.314144027598102,1.2367399741267788,0.262446281497197,365496,6590,0,10.88
BookReader,4.798283261802575,1.4377682403433476,0.183032876981402,30914,6568,0,8.14
Toasty,4.0625,1.0625,0.1070245693749999,487,6567,19,7.67
springBoot,5.143939393939394,1.1477272727272727,0.2546085139393939,6408,6511,0,7.87
ansj_seg,6.256880733944954,1.188073394495413,0.2531901394724771,12062,6479,3,12.05
processing,3.731019522776573,1.6420824295010843,0.2244229567787418,110008,6469,48,11.66
AndroidPicker,5.451063829787234,1.651063829787234,0.2463747221276596,13198,6460,56,8.92
RoundedImageView,8.4,1.8,0.234915296,1265,6441,19,11.58
Leaf,3.475,1.425,0.26062049775,1305,6424,0,5.78
itstack-demo-design,2.144186046511628,1.1116279069767443,0.1778874563255814,3979,6415,0,4.34
AndroidProject,7.215083798882682,2.142458100558659,0.2404998734357541,20468,6408,17,5.92
Android-Image-Cropper,7.725,1.375,0.30676188225,4655,6388,32,9.69
Android-skin-support,6.133004926108375,1.3916256157635467,0.3011286192610837,19543,6388,0,7.69
zeppelin,5.857075693464974,1.2491772449459333,0.2662371095232722,191853,6380,0,9.5
android-floating-action-button,5.571428571428571,1.6666666666666667,0.1843575904761904,1078,6375,0,10.01
springcloud-learning,4.911111111111111,1.022222222222222,0.1304957080444444,5657,6358,0,5.04
Spring-Cloud-Platform,4.887005649717514,1.4067796610169492,0.2846913787005649,6014,6352,3,7.33
JimuReport,4.8,1.1,0.1,147,6342,21,4.8
WukongCRM-11.0-JAVA,7.481232492997199,1.2056022408963585,0.1107269091030812,64304,6334,0,3.46
junit5,4.333112143331121,1.314200398142004,0.1450149265112806,88071,6327,71,9.69
DependencyCheck,6.740816326530612,1.7979591836734694,0.4049258240408163,40952,6317,75,12.05
ion,4.577854671280277,1.4602076124567474,0.1245245645190311,9443,6294,0,11.34
smali,5.9765625,1.6371527777777777,0.2120460490243055,46762,6294,0,11.99
wiremock,5.74265289912629,1.374106433677522,0.1946748273423352,50126,6288,44,12.95
JFoenix,6.92,1.623529411764706,0.2626010156235294,24546,6286,0,9.04
remusic,5.18698224852071,1.4532544378698224,0.238636817024852,47786,6277,0,8.5
AntennaPod,7.370603015075376,1.4924623115577889,0.3183123758253769,50616,6276,56,12.15
async-http-client,5.712522045855379,1.567901234567901,0.2354459751146384,28692,6272,3,13.55
gnirehtet,3.765432098765432,1.1851851851851851,0.2806189649382716,4330,6265,12,7.62
quartz,5.353515625,1.46875,0.324933386484375,34646,6240,4,8.54
richeditor-android,2.4186046511627906,1.1395348837209305,0.0227107558139534,804,6233,0,9.48
jsonschema2pojo,6.735294117647059,1.1433823529411764,0.2537264886360293,14399,6224,63,11.25
byte-buddy,6.042500413428146,1.5768149495617665,0.1682879155045477,278520,6221,284,10.82
spring-cloud-examples,3.9,1.0166666666666666,0.031944445,385,6217,0,7.4
from-java-to-kotlin,0.5,1.0,0.125,37,6192,0,7.34
iceberg,8.571046228710463,1.6637469586374696,0.3400117238442823,274941,6186,22,5.84
config,5.475,2.055,0.2925383557,13186,6150,1,12.8
SwipeBackLayout,5.222222222222222,1.3888888888888888,0.2665136855555555,1635,6126,0,11.08
jOOQ,9.799748110831237,1.7175692695214106,0.2441192530538413,209091,6109,59,13.43
MaterialEditText,5.653846153846154,1.3076923076923077,0.1216950788461538,3385,6106,19,9.9
graphql-java,7.956723338485316,1.3670788253477588,0.2733435998222565,64936,6100,82,9.22
1brc,3.2983333333333333,1.09,0.4366081845916666,53431,6096,0,0.74
hazelcast,7.822426536866775,1.7574664984075477,0.2812918520929632,1070142,6089,200,12.51
NumberProgressBar,3.1666666666666665,1.3333333333333333,0.2555944083333333,380,6068,3,10.4
grafika,6.407766990291262,1.7475728155339805,0.4490530070873787,10035,6064,1,10.76
micronaut-core,5.690116151654613,1.3355248739864125,0.2088958925873329,163864,6043,248,6.55
EffectiveAndroidUI,4.438356164383562,1.3424657534246576,0.2354246461643836,1923,6034,0,10.22
dynamic-load-apk,5.806451612903226,1.4516129032258065,0.3154066641935483,2620,6025,0,10.48
smile,5.456413890857548,1.307583274273565,0.2898226178433735,105251,6008,28,9.84
material,6.511475409836065,1.6459016393442625,0.3093785597377049,27346,6008,10,9.79
LeetCode-Book,1.3333333333333333,1.0,0.0082364342248062,3121,5994,0,2.77
physical-web,4.788461538461538,1.2884615384615383,0.2470632588461538,7481,5993,17,9.98
xUtils3,5.224770642201835,1.408256880733945,0.2967964422018349,12561,5988,9,8.9
Recaf,8.106788710907704,1.6178489702517165,0.2545936137757437,58003,5955,169,7.16
androidmvp,3.2857142857142856,1.2857142857142858,0.1851851914285714,274,5935,0,10.48
springfox,5.704585537918871,1.120811287477954,0.2641756402645502,32063,5928,12,12.38
material-calendarview,6.454545454545454,1.5340909090909092,0.2669574954545454,3658,5914,22,9.62
ssm,4.157894736842105,1.6842105263157894,0.2226754405263158,369,5911,0,8.26
hibernate-orm,6.758459399098226,1.39766550082171,0.2926005733937761,1006155,5898,48,13.97
motan,6.074754901960785,1.4350490196078431,0.2747222020343137,45431,5884,25,8.42
robolectric,5.648759273471476,1.3550780250703505,0.2108748073092862,213542,5874,102,14.07
gephi,4.430305567182922,1.6743407283382168,0.2353468638911678,125597,5867,19,12.92
java-jwt,5.662790697674419,1.627906976744186,0.3104796888372094,8924,5849,44,10.55
pig,7.224657534246575,1.3123287671232875,0.1311018393424657,7515,5838,18,5.08
blade,4.62214983713355,1.234527687296417,0.2352815943973941,15319,5833,9,9.29
incubator-kie-drools,6.566751291254486,1.565700779129826,0.3002747455972161,750192,5832,4,13.59
java-eight-part,0.0,0.0,0.0,0,5821,0,3.93
useful-java-links,2.304182509505704,1.0228136882129275,0.0482185616349809,5964,5820,0,8.61
BoomMenu,5.6347826086956525,1.5739130434782609,0.1245929228695652,7710,5808,0,8.51
btrace,4.956406869220608,1.3143989431968297,0.1698474940686921,39645,5796,32,10.07
DiskLruCache,3.25,1.3333333333333333,0.4368797725,1937,5790,0,12.71
tcc-transaction,5.254335260115607,1.3082851637764932,0.2805885519460501,23664,5776,8,8.8
DiscreteScrollView,4.228571428571429,1.2476190476190476,0.1502416870190476,3698,5769,2,7.55
SoloPi,4.623076923076923,1.205982905982906,0.1730799857735042,56327,5756,8,5.53
InfiniteCycleViewPager,5.048780487804878,1.6341463414634143,0.1996290195121951,3564,5749,2,8.08
circular-progress-button,3.9743589743589753,1.2820512820512822,0.1257824846153846,1429,5746,3,10.29
SpringBootVulExploit,3.357142857142857,1.0,0.17261905,258,5743,0,4.34
zxing-android-embedded,5.4375,1.3645833333333333,0.3528665024999999,5169,5733,9,11.82
springside4,3.165079365079365,1.276190476190476,0.2118700693650793,12842,5721,3,12.58
XXPermissions,5.5227272727272725,1.8068181818181817,0.1528377419318181,4797,5712,63,6.27
FastHub,8.009635974304068,1.6124197002141327,0.2813381309957173,40321,5708,63,7.59
aurora-imui,4.807017543859649,1.5292397660818713,0.1981992252777777,17789,5707,42,7.78
u2020,6.223880597014926,1.4253731343283582,0.2484682417164179,4806,5682,0,10.86
Fast-Android-Networking,3.219130434782609,1.2504347826086957,0.0599843992695652,19596,5675,10,8.5
vavr,8.515673981191222,1.3025078369905956,0.3021314306112853,64755,5672,16,10.64
vespa,6.140227349847303,1.5957753647777402,0.257729733687309,619709,5638,163,8.3
AndroidImageSlider,4.063492063492063,1.5714285714285714,0.1748979650793651,3813,5631,5,10.31
SwipeRecyclerView,4.854545454545455,1.3890909090909092,0.1983492374618181,11063,5619,0,8.14
flink-cdc,7.848246674727933,1.4619105199516325,0.4194550050967352,95811,5617,19,4.15
HTextView,4.197802197802198,1.5604395604395604,0.1939557601098901,3076,5611,0,8.76
lanproxy,4.238095238095238,1.1904761904761905,0.2798921893650793,2668,5608,1,7.84
Discovery,4.719467956469166,1.2986698911729142,0.238213394637243,25899,5607,130,6.26
ShowcaseView,5.384615384615385,1.4,0.2140288227692307,2086,5602,13,12.1
FlowLayout,4.323529411764706,1.411764705882353,0.1875942658823529,810,5599,0,9.07
jetlinks-community,8.593579234972678,1.2397540983606556,0.3137997989344262,46304,5597,18,4.72
react-native-splash-screen,3.4166666666666665,1.25,0.122222225,246,5597,12,8.02
Blurry,5.142857142857143,1.0,0.1252976214285714,636,5584,0,9.17
ListViewAnimations,6.474452554744525,2.058394160583941,0.2245069897810218,5697,5567,14,11.51
disconf,4.44,1.3576470588235294,0.2939716408705882,14009,5563,12,10.32
datax-web,5.041009463722397,1.38801261829653,0.2397023609148265,13801,5562,5,4.84
google-java-format,5.765060240963855,1.4457831325301205,0.2969248707831325,12966,5562,28,9.37
iotdb,8.079954148158762,1.57844963461814,0.3219586893840091,595226,5532,37,5.83
camel,4.7923364058810085,1.6352301871460857,0.1891951759465986,1735664,5515,0,15.34
Android-ZBLibrary,5.377358490566038,1.559748427672956,0.2812753761320755,14727,5509,25,9.09
StickyListHeaders,4.813953488372093,1.3953488372093024,0.1794518569767442,2112,5508,16,12.53
hive,6.921859545004946,1.40811078140455,0.2809674300514837,2054224,5505,0,15.34
mini-spring,3.4093959731543624,1.221476510067114,0.12386646147651,2472,5504,0,3.85
mosby,5.368421052631579,1.6075187969924811,0.2245334087218045,17193,5490,15,9.5
hippo4j,4.630395683453237,1.1969424460431657,0.1933583869244604,28166,5483,18,3.27
freeline,3.762962962962963,1.6074074074074074,0.2215900052592592,5357,5481,22,8.14
hertzbeat,7.03755364806867,1.158798283261803,0.18305903,42317,5475,22,2.63
lamp-cloud,7.822393822393822,1.2882882882882882,0.1715793090810811,17640,5471,0,6.68
kafdrop,5.505747126436781,1.2873563218390804,0.3287568191954023,3924,5460,48,5.33
barcodescanner,5.287671232876712,1.643835616438356,0.2214651036986301,2796,5459,6,10.57
api-samples,6.404761904761905,1.0,0.2823361945238095,2541,5441,0,10.78
uid-generator,2.88,1.28,0.4449343276,873,5436,0,7.49
rebound,4.379310344827586,1.3218390804597702,0.2342557603448275,4095,5435,10,10.95
scribejava,4.208502024291498,1.4008097165991902,0.243842920882591,12671,5431,9,14.05
MagicCamera,3.542613636363636,1.4659090909090908,0.2826607990340909,14543,5431,0,8.71
IJPay,5.589743589743589,1.36996336996337,0.2454403232234432,14045,5424,24,7.39
AndroidVideoCache,4.831168831168832,1.4935064935064934,0.2289122167532467,3217,5423,20,9.48
dubbo-spring-boot-project,7.089887640449438,1.1685393258426966,0.2391161741573033,1895,5406,13,6.68
EdXposed,5.726086956521739,1.5641304347826086,0.3343403787173913,71794,5405,27,5.68
pinot,7.114980175831753,1.464057921048095,0.330541150454232,442105,5403,19,10.34
javaparser,9.769505354411017,1.9056603773584904,0.1848805273732789,141715,5383,52,12.9
wechat,5.239370078740158,1.2503937007874015,0.2286314937165354,34418,5376,0,9.33
android-job,6.994708994708994,1.7671957671957672,0.2342525884656084,10693,5375,31,9.09
TapTargetView,4.512820512820513,1.1538461538461535,0.0804483623076923,1960,5368,24,8.03
SystemBarTint,8.0,1.7777777777777777,0.3663639688888889,807,5363,3,10.85
lettuce,6.122988505747126,1.4183908045977012,0.2084722112482759,84932,5360,114,10.37
spring-boot-projects,4.299065420560748,1.074766355140187,0.2018742470093458,2603,5353,0,7.48
cw-omnibus,5.292481977342946,1.6833161688980434,0.2624347044644696,71379,5348,36,12.53
XRecyclerView,3.909638554216868,1.4216867469879515,0.1657324675301205,5151,5339,0,8.85
hudi,9.1182332345812,1.6412604363048748,0.33202400367331,244487,5335,28,7.77
austin,6.319526627218935,1.1242603550295858,0.1764704002071006,6372,5331,0,2.88
socket.io-client-java,1.921397379912664,1.0960698689956332,0.0634141284279476,5654,5325,6,11.4
JSqlParser,6.348675034867504,1.5383542538354251,0.2418826400808925,40221,5319,34,13.25
android-advancedrecyclerview,6.60506329113924,2.4075949367088607,0.2615517091291139,20692,5318,1,9.66
shimmer-android,8.571428571428571,1.8571428571428568,0.3703484714285714,885,5315,5,9.57
gradle-retrolambda,4.6,1.04,0.1371428564,623,5300,37,11.13
FastBle,4.380952380952381,1.2952380952380953,0.1461708243809523,4713,5289,9,8.08
generator,6.699846860643185,1.888208269525268,0.257082417992343,72795,5276,11,11.61
janusgraph,6.87035010940919,1.450765864332604,0.2755723277822757,101574,5276,26,7.74
VitamioBundle,4.950495049504951,1.316831683168317,0.2864288017821782,6501,5270,0,11.93
CompreFace,7.852852852852853,1.6576576576576576,0.1830850606486486,7766,5269,11,4.21
android-lifecycle,7.0,1.6666666666666667,0.0,481,5264,0,10.43
AmazeFileManager,7.28216704288939,1.4492099322799097,0.2503833310699774,31733,5253,66,10.19
titan,5.862609786700125,1.3613550815558344,0.224740726391468,71163,5247,0,12.57
Side-Menu.Android,3.888888888888889,1.2222222222222223,0.1736772538888888,449,5234,2,9.69
Dexter,4.425,1.2,0.164157982825,2197,5231,33,8.85
twoway-view,6.078431372549019,1.8235294117647056,0.3642166294117646,3688,5230,0,11.67
MusicBot,6.741935483870968,2.505376344086021,0.1923358859677419,4097,5229,38,8.1
FloatingActionButton,4.638297872340425,1.3829787234042554,0.1502527225531915,2805,5227,14,10.17
QR-Code-generator,3.947368421052632,1.4210526315789471,0.3915461747368421,1823,5201,3,8.44
hbase,8.079960951366703,1.49724884629038,0.3423569006652466,927343,5200,43,10.34
linuxdeploy,7.162162162162162,1.648648648648649,0.2944229956756757,2693,5193,37,12.09
google-authenticator,3.885245901639344,1.6885245901639343,0.3319188522950819,3935,5191,0,9.96
BasePopup,5.887323943661972,1.6954225352112675,0.2841059239964789,28287,5191,15,8.69
Android-Touch-Helper,4.127272727272727,1.181818181818182,0.1543510538181818,2257,5190,112,3.93
spring-data-examples,2.61313758135311,1.0083245043136069,0.1500466160163462,50652,5174,0,10.64
okdownload,6.440233236151603,1.2653061224489797,0.2535395021865889,18986,5165,8,6.77
otto,2.4352941176470586,1.388235294117647,0.1380789618823529,1987,5164,0,12.24
springboot-guide,4.093525179856115,1.1798561151079137,0.0708226283453237,1494,5155,0,5.82
traccar,5.554107648725212,1.9422096317280453,0.111109184721813,64852,5155,54,12.44
smartTable,5.126373626373627,1.1895604395604396,0.1582211403571428,14165,5152,44,6.87
thumbnailator,4.062780269058296,1.2376681614349776,0.1573723987174887,19559,5146,0,9.16
JS-Sorting-Algorithm,3.583333333333333,1.0,0.1027777833333333,389,5134,0,7.67
ctci,1.9581993569131837,1.1189710610932475,0.1627872071061093,11244,5130,0,11.5
jeepay,8.99812030075188,1.973684210526316,0.2505198590789473,16581,5085,0,7.11
web3j,4.374798061389337,1.7116316639741518,0.239213208871567,41102,5071,115,8.05
jetcache,6.031390134529148,1.6367713004484306,0.2300235138071749,18011,5066,66,7.45
graphhopper,6.697454545454545,1.2516363636363637,0.2792963498472727,95713,5055,43,12.59
views-widgets-samples,4.026315789473684,1.730263157894737,0.281729449375,7334,5050,0,5.04
Small,3.8054054054054056,1.4756756756756757,0.1349271831891892,7726,5041,25,8.82
android-common,4.4363636363636365,1.2454545454545454,0.4595297149999999,6707,5016,1,10.32
DKVideoPlayer,5.326259946949602,1.5915119363395225,0.2938083241193634,18446,5012,32,7.45
UltraViewPager,5.208333333333333,1.375,0.2390680245833333,1518,5002,10,7.49
dialogplus,5.241379310344827,1.0344827586206895,0.1986598762068965,1047,5000,9,9.78
android-zxingLibrary,4.711538461538462,1.3269230769230769,0.3221675669230769,2018,4998,0,8.16
GravitySnapHelper,6.375,1.75,0.27187185,610,4997,14,8.06
opentsdb,7.1481876332622605,1.288912579957356,0.2390280175415778,103599,4991,26,14.07
InstaMaterial,4.7875,1.5375,0.24322497225,2223,4991,1,9.86
Luyten,2.3488372093023258,1.5426356589147288,0.2119806960465116,6750,4990,17,11.2
spring-mvc-showcase,5.172413793103448,1.206896551724138,0.1200636310344827,1281,4985,0,13.31
LayoutManagerGroup,4.9523809523809526,1.5714285714285714,0.2821665673015873,2285,4980,0,6.4
dddsample-core,6.806060606060606,1.1393939393939394,0.2444819422121212,4728,4973,0,9.64
joda-time,8.562724014336917,2.281362007168459,0.4786073387455197,91652,4971,48,13.36
bitcoinj,6.572085889570552,1.8251533742331287,0.2842123579171779,47206,4960,9,10.84
RxJava2-Android-Samples,3.6648648648648647,1.254054054054054,0.1888588582162162,3992,4959,0,8.07
sofa-boot,5.137755102040816,1.1989795918367347,0.1820083987636054,32599,4950,78,6.48
NavigationTabBar,4.017241379310345,1.3103448275862069,0.1019105977586207,2538,4949,13,8.48
novel,4.323232323232324,1.0707070707070707,0.212185403080808,4421,4936,11,4.87
CloudReader,4.75,1.4552845528455285,0.1996327388211382,19393,4934,25,7.84
CameraView,5.597378277153558,1.3745318352059923,0.186282644653558,21155,4928,42,7.18
reactor-core,6.887645478961504,1.538943598925694,0.2575499968925694,201084,4927,185,8.87
RippleEffect,3.421052631578948,1.368421052631579,0.1358855368421052,504,4924,0,9.94
YCSB,6.991452991452992,1.6282051282051282,0.393841831068376,22046,4913,55,14.43
shopping-management-system,3.5670103092783507,1.3608247422680413,0.3737366103092784,5299,4912,0,8.85
folding-cell-android,4.142857142857143,1.3333333333333333,0.1862795638095238,812,4901,0,8.48
mapdb,3.2395437262357416,2.022813688212928,0.1467914400760456,20198,4886,0,12.1
picocli,2.876764199655766,1.1101549053356283,0.1226847421411359,95430,4883,85,7.64
easy-rules,5.092592592592593,1.3148148148148149,0.2177362336419753,4857,4872,10,11.54
gpmall,5.009433962264151,1.3608490566037736,0.1830468348113207,8865,4867,0,5.18
react-native-linear-gradient,5.157894736842105,1.631578947368421,0.2033232178947368,488,4864,18,9.48
spring-cloud-netflix,7.502242152466367,1.1973094170403586,0.2027951718520179,7900,4863,14,10.2
XUI,5.634278817139409,1.6107423053711527,0.2688530026988533,91066,4858,23,5.71
wvp-GB28181-pro,8.745182012847966,1.271948608137045,0.4361005115631692,36293,4835,0,3.85
usb-serial-for-android,6.317460317460317,1.3333333333333333,0.3653173692063492,8088,4834,31,11.23
Transitions-Everywhere,6.870466321243524,1.6787564766839378,0.2064629655440414,9485,4828,23,9.94
roncoo-pay,5.192893401015229,1.2893401015228427,0.3758496089847715,20047,4826,0,8.17
spring-authorization-server,10.249235474006117,1.382262996941896,0.295589961498471,35366,4824,59,4.52
packer-ng-plugin,2.806451612903226,1.3870967741935485,0.3302013987096774,1776,4824,1,8.83
xpay,6.428571428571429,1.0,0.4481968390476191,1449,4819,0,6.78
pmd,5.237242853326209,2.0571733903286136,0.2010814369772909,122202,4810,95,12.2
lucida,6.518656716417911,1.611940298507463,0.326194616402985,23221,4808,0,10.36
react-native-config,4.565217391304348,1.391304347826087,0.1195652217391304,428,4805,25,8.58
QLExpress,4.211309523809524,1.5535714285714286,0.1505762282142857,12466,4797,5,7.52
reactive-streams-jvm,3.122004357298475,1.2766884531590414,0.0953573307843137,15738,4795,0,10.57
armeria,6.349101390301797,1.3343506273312988,0.2222058320076297,273554,4790,243,8.85
JustTrustMe,2.555555555555556,1.1851851851851851,0.0235690222222222,598,4789,1,10.16
cglib,3.218875502008032,1.5321285140562249,0.1654957471987951,17670,4785,15,10.49
strimzi-kafka-operator,11.96051779935275,1.5126213592233009,0.3740716005631068,137628,4773,141,8.38
Android-ConvenientBanner,4.827586206896552,1.4482758620689655,0.2460474772413793,848,4772,0,9.75
nifi,6.774454709972378,1.4671873511763025,0.3108060628167444,636313,4769,0,9.78
ignite,5.540238591175914,1.6295209240674116,0.2416890322320583,1130589,4769,0,9.59
AppManager,7.946159368269921,1.460875807609476,0.3386519216295764,113964,4768,69,4.31
runelite,6.228280961182994,1.3863216266173752,0.2751338590480591,223142,4764,0,8.39
AndroidStaggeredGrid,5.861111111111111,1.8611111111111112,0.325732825,4010,4758,7,10.78
openai-java,5.387878787878788,1.084848484848485,0.0972455676969697,2783,4742,22,4.02
lwjgl3,6.654941563599229,2.2834449109270394,0.7435680379083172,954150,4742,19,11.75
logisim-evolution,5.97684437264405,2.4415724286483576,0.4165144334308023,156781,4741,30,10.01
cameraview,4.833333333333333,1.2638888888888888,0.1947912163888888,2983,4735,0,8.13
orientdb,6.736405707674508,1.631315079059005,0.3002132657319706,475914,4730,214,11.78
DesignPattern,2.538071065989848,1.2791878172588833,0.0902042538071065,2603,4730,0,7.92
sodium-fabric,6.235973597359736,1.4042904290429044,0.3029156192574257,23635,4726,40,4.64
baseAdapter,4.88,1.32,0.1708889192,1563,4725,0,9.14
android-tips-tricks,1.0,1.0,0.25,22,4719,0,8.07
reflections,2.771573604060914,1.1522842639593909,0.0800599690355329,4782,4712,3,11.44
java-faker,4.115555555555556,1.448888888888889,0.0986690212444444,6710,4708,0,13.3
keepass2android,4.516062176165804,1.667357512953368,0.3244908191502591,67632,4707,27,7.0
SwitchButton,4.37037037037037,1.4074074074074074,0.1089109796296296,1543,4707,0,10.04
ActiveAndroid,5.67741935483871,2.5806451612903225,0.198541058548387,3158,4705,0,11.85
querydsl,5.1834777227722775,2.038675742574257,0.2410671446296411,98636,4705,35,13.13
Geyser,8.073584905660377,1.9933962264150944,0.2394861635075472,51913,4702,0,5.21
library,6.788617886178862,1.0406504065040652,0.2308670459349593,1770,4702,0,5.7
spring-security-oauth,6.155155155155155,1.6396396396396395,0.215846675043043,35257,4693,0,13.16
chuck,5.904761904761905,1.380952380952381,0.2447306795238095,1698,4686,5,7.62
Android-IMSI-Catcher-Detector,5.059760956175299,1.330677290836653,0.1675928281992032,12171,4685,48,10.83
Spring-Boot-In-Action,3.8656716417910446,1.1194029850746268,0.2198696146268656,2714,4683,0,5.65
midjourney-proxy,5.9,1.2444444444444445,0.2097882615555555,2787,4682,0,1.42
bisq,7.438990951466959,1.744721689059501,0.2129433093279407,176460,4682,138,10.53
TelegramBots,9.995363214837711,2.236476043276661,0.3194021870015455,17832,4679,101,8.69
mall4j,6.028497409326425,1.137305699481865,0.1056794222279792,6724,4678,5,5.22
oshi,5.5810147299509,1.5662847790507366,0.3585816527986907,31930,4673,157,12.62
MaterialDateTimePicker,6.589041095890411,1.4657534246575343,0.2880742702739725,7536,4670,54,9.72
dynamic-datasource,4.817073170731708,1.1524390243902438,0.1929266920121951,4807,4668,18,6.4
mybatis,3.751684311838306,1.277189605389798,0.2340844171174206,39118,4665,0,9.89
cardslib,5.901356350184956,2.177558569667078,0.2420959442416769,32257,4664,27,11.0
shattered-pixel-dungeon,6.332938856015779,2.859171597633136,0.2040704696619329,147337,4658,50,10.14
rstudio,5.563447379818103,1.4387180597661324,0.216655466974159,227315,4653,0,13.79
small-spring,3.255434782608696,1.252717391304348,0.1649314541304347,9415,4651,0,3.36
liquibase,6.712258796821794,1.796821793416572,0.2953545357718501,95507,4639,98,13.21
FirebaseUI-Android,10.114186851211072,1.9896193771626296,0.3252982924083045,13829,4629,65,9.21
PageIndicatorView,5.513888888888889,1.5,0.2829167693055555,3532,4622,14,8.09
wgcloud,6.050847457627119,1.194915254237288,0.5231894999152542,6105,4609,24,5.69
OsmAnd,8.506424161521775,1.6934757216752878,0.3461107930909394,664588,4603,1,13.68
JAViewer,5.787709497206704,1.5977653631284916,0.2076730711731843,6309,4602,10,8.34
react-native-webrtc,6.08955223880597,1.1492537313432836,0.2143840282089552,4045,4593,79,8.99
MifareClassicTool,11.090909090909092,2.272727272727273,0.4452193627272727,6633,4584,8,11.61
mockserver,7.27141568981064,1.6248872858431018,0.2509111031987375,65134,4581,0,11.57
megabasterd,2.7611940298507465,1.4875621890547264,0.2196070828855721,20673,4580,208,7.98
SimplifyReader,4.555379746835443,1.3876582278481011,0.2083376596518987,34709,4575,0,9.1
rocketmq-externals,5.774703557312253,1.233201581027668,0.2846609033992095,9956,4569,0,7.53
sqlbrite,4.69811320754717,1.3584905660377358,0.1827076364150943,3329,4569,9,9.59
go-lang-idea-plugin,8.181095406360424,2.0989399293286217,0.1529002559761484,45363,4565,21,14.07
killbill,8.668580803937655,1.810090237899918,0.2347926540775225,150368,4563,147,11.92
Depth-LIB-Android-,3.787037037037037,1.212962962962963,0.1747569124537037,3771,4560,0,8.41
quasar,3.4329132690882136,1.5151964418087471,0.1823978014358784,52770,4559,18,11.49
ribbon,4.387323943661972,1.2661971830985916,0.1630564776957746,21788,4557,41,11.69
calcite,7.64195032198712,1.7102115915363385,0.2561139610962281,349275,4553,0,10.25
JGrowing,1.5263157894736843,1.0,0.2508771947368421,329,4553,0,5.57
Douya,5.503215434083601,1.585209003215434,0.272859798181672,44643,4549,11,8.64
microservices-platform,6.354570637119114,1.2437673130193905,0.1703952619390581,7987,4549,30,5.55
SpringBoot-Shiro-Vue,5.777777777777778,1.4074074074074074,0.1037037029629629,633,4545,0,6.84
android-crop,4.290322580645161,1.3870967741935485,0.2107425754838709,1676,4539,6,10.53
libsvm,3.264705882352941,1.3529411764705883,0.2398111117647059,3152,4538,0,11.03
crawler4j,5.27710843373494,1.313253012048193,0.3488819450602409,4736,4534,3,12.73
esProc,6.706501315295002,2.2145809845922586,0.3121320645836151,434915,4525,0,2.87
bottomsheet,4.897058823529412,1.3676470588235294,0.1519955152941176,2578,4520,10,9.42
JSON-java,3.1797752808988764,1.2247191011235956,0.2857635040449438,11556,4510,21,13.75
jpexs-decompiler,6.140681251730823,1.9648296870672943,0.2541546105139851,308090,4509,162,10.37
SmoothProgressBar,4.854166666666667,1.2291666666666667,0.1687778960416666,2208,4509,9,10.82
dexposed,2.9166666666666665,1.6944444444444444,0.3645185161111111,2414,4507,0,9.23
langchain4j,5.5161606268364345,1.1385896180215476,0.2324412012732615,71754,4506,36,1.26
spring-cloud-gateway,6.898654708520179,1.3273542600896862,0.2193358017363229,37847,4504,17,7.85
blog_demos,4.034159779614325,1.221487603305785,0.161220240614876,51915,4499,0,7.46
Pixiv-Shaft,4.780510879848628,1.4493850520340588,0.1789358317502365,36840,4490,100,5.48
bilibili-android-client,4.92128801431127,1.8175313059033988,0.4551938252772808,38892,4490,1,8.31
NineOldAndroids,4.2898550724637685,1.434782608695652,0.2243227478985507,7585,4489,0,12.79
ForestBlog,5.104651162790698,1.069767441860465,0.1845076931395348,2437,4483,0,6.96
javacpp,5.938679245283019,2.0235849056603774,0.2915699827830189,26576,4473,11,10.42
TV,6.073943661971831,1.4025821596244132,0.2902017532687793,40204,4461,0,2.25
aviatorscript,4.681297709923665,1.498091603053435,0.4564041324007634,37352,4460,52,13.49
spotless,5.145499383477189,1.7114673242909988,0.2901347578199753,31677,4458,3,9.4
azkaban,6.493374902572096,1.3476227591582228,0.3972106175853468,93861,4452,48,11.93
GCViewer,5.258620689655173,2.168965517241379,0.3077052526896552,20257,4451,5,12.92
micrometer,5.684123484013231,1.2811466372657112,0.2288838945198456,74353,4447,234,7.45
android-times-square,4.553191489361702,1.2340425531914894,0.1690690953191489,2286,4446,0,11.64
simplify,8.983922829581994,1.3729903536977492,0.3080039739131832,21150,4439,9,10.68
java-algorithms-implementation,3.710706150341686,1.5831435079726652,0.2089872219589977,31758,4439,0,10.84
AndroidHttpCapture,4.70440251572327,1.4182389937106918,0.3166120264465408,15905,4434,1,7.93
android-mvp-architecture,5.815068493150685,1.3835616438356164,0.2644812178767123,4049,4434,0,7.65
concurrent,0.0,0.0,0.0,0,4414,0,5.89
Robust,3.523809523809524,1.261904761904762,0.3010132313333333,2953,4414,13,7.53
spring-boot-best-practice,4.701754385964913,1.0935672514619883,0.0780997110526315,1905,4404,0,5.87
epic,3.228187919463087,1.6241610738255037,0.2328241189932886,5127,4403,5,7.34
db-tutorial,5.206730769230769,1.1826923076923077,0.2151697475769231,11107,4391,0,7.12
GT,3.699056603773585,1.289622641509434,0.1969297133971698,56014,4388,3,8.69
objectbox-java,5.118598382749326,1.7277628032345014,0.2371830288948787,22570,4384,43,7.66
--,3.5478398106135334,2.8928782797395938,0.2929072183695009,338075,4384,0,4.26
ticker,4.612903225806452,1.3225806451612905,0.3439506280645161,1581,4382,9,8.19
AndroidTutorialForBeginners,4.565891472868217,1.496124031007752,0.2036615613178294,4005,4377,0,7.99
DeepLinkDispatch,6.28,1.48,0.2261124984,8549,4375,24,9.28
moco,5.863084922010398,1.5389948006932408,0.1974551314991334,17542,4358,1,11.93
leet-code,2.061728395061728,1.0,0.250445817654321,1961,4355,0,9.41
BottomNavigation,7.533333333333333,1.4333333333333331,0.4323554959999999,2091,4350,16,8.51
opengrok,5.241718889883617,1.6284691136974037,0.3507579863607878,70003,4342,280,11.71
BGARefreshLayout-Android,5.148148148148148,1.4074074074074074,0.1633688883333333,5450,4309,4,9.32
shiro,5.052734375,1.7822265625,0.2192639542675781,36690,4306,10,15.07
typespec,9.382533032549146,1.1846600064453754,0.2948965351846599,134978,4298,41,3.23
android-volley,5.090909090909091,1.893939393939394,0.2198972003181818,4965,4294,0,11.34
Digital,5.0517621145374445,1.6723568281938326,0.2313502481674008,76010,4294,35,8.24
maven,5.999049429657795,1.4510456273764258,0.2535702630727185,100518,4288,19,15.34
JDA,8.737521514629949,1.8605851979345955,0.3306898948020654,55266,4288,93,8.78
ImagePicker,5.828947368421052,1.486842105263158,0.2385021585526315,3685,4287,5,8.65
coursera-android,4.240131578947368,1.5,0.2056514198519737,18132,4283,0,10.71
android-autofittextview,5.375,1.375,0.22726933625,470,4270,1,13.6
CircleIndicator,6.511111111111111,1.6222222222222222,0.253284258,1712,4266,7,10.15
flink-recommandSystem-demo,3.727272727272727,1.077922077922078,0.2801059425974025,1835,4259,0,5.36
Gadgetbridge,5.384072876873347,1.775492212753453,0.2710598838398472,189612,4243,0,9.71
Ant-Media-Server,5.591145833333333,1.3203125,0.3492085806866319,99024,4237,59,7.56
java-learning,1.0823373173970785,1.2868525896414342,0.050111459442231,10984,4236,0,8.62
OpenHub,6.7560975609756095,1.632621951219512,0.2614620494740853,24549,4236,31,7.2
InternetArchitect,4.716763005780347,1.157514450867052,0.2306009809248554,44742,4234,0,4.93
frontend-maven-plugin,5.595959595959596,1.7272727272727273,0.3658229366666666,3718,4232,0,11.06
ShineButton,4.833333333333333,1.625,0.229270725,988,4220,2,8.22
tx-lcn,4.986486486486487,1.2117117117117118,0.1744762303513513,7782,4211,14,6.86
WePush,6.922509225092251,1.5904059040590406,0.3769865648339483,22595,4203,57,7.25
poi-tl,6.495238095238095,1.2057142857142855,0.2843869413904761,22794,4199,14,9.51
CoordinatorTabLayout,5.294117647058823,1.411764705882353,0.2125,473,4184,0,7.65
JKeyboardPanelSwitch,5.2,1.3,0.2648101956,1736,4183,14,9.23
FloatWindow,3.772727272727273,1.2727272727272727,0.1484996395454545,1473,4176,9,6.86
h2database,6.173573573573574,2.054054054054054,0.4182879412906907,229590,4175,23,9.45
android,9.61482820976492,1.7233273056057865,0.3238096763110307,50239,4175,230,9.97
failsafe,6.38655462184874,2.063025210084034,0.1758629659663865,10026,4171,0,9.23
BGABanner-Android,5.0,1.5849056603773586,0.1851609794339622,2123,4166,0,9.91
serve,5.931623931623932,1.5,0.4822042662393162,18069,4162,23,4.97
jacoco,4.138121546961326,1.4220994475138122,0.194534738996685,35271,4162,48,12.21
Infinity-For-Reddit,6.763647642679901,1.6209677419354838,0.1678826733995037,103077,4160,166,6.16
powermock,3.3691699604743084,1.242687747035573,0.1397602576679842,32844,4157,16,10.32
lilishop,7.656149388280747,1.3174500965872504,0.1810175247037991,42923,4148,3,3.36
AndroidWiFiADB,2.8666666666666667,1.5,0.33719514,1096,4145,8,8.93
jitsi,5.331881804043546,1.9004665629860031,0.3484318403026439,196299,4130,7,11.41
sensitive-word,3.3448275862068964,1.1724137931034482,0.1197473517816092,3195,4128,2,4.71
GDA-android-reversing-Tool,2.5625,1.0,0.308778353125,567,4127,40,6.89
spring-boot-starter,4.514285714285714,1.2228571428571429,0.1338542736,4431,4121,30,8.99
aws-sdk-java,6.929378680645028,1.2067750342693424,0.3577825657598205,8597382,4113,0,14.5
hmily,5.413911060433295,1.2223489167616877,0.2146821208437856,27535,4110,0,6.98
Tangram-Android,5.2595818815331015,1.6777003484320558,0.2027273391289198,24338,4110,38,7.49
LoadingDrawable,6.507692307692308,1.446153846153846,0.3472709029230769,4428,4101,0,8.44
javassist,3.4,1.553153153153153,0.2517254681207207,83202,4096,24,11.33
camunda-bpm-platform,6.284485981308412,1.6042990654205609,0.2680629799797196,543842,4093,0,11.72
IoT-Technical-Guide,4.085034013605442,1.248299319727891,0.2306305476190476,5235,4091,0,5.48
campus-imaotai,6.339449541284404,1.4128440366972477,0.3218568802752293,7728,4090,11,1.21
ipscan,4.97911227154047,1.6657963446475197,0.174882442845953,12555,4087,30,13.23
ExpandableTextView,5.133333333333334,1.7333333333333334,0.2184444493333333,552,4084,4,10.35
allure2,6.029850746268656,1.3059701492537314,0.252068666641791,7901,4082,71,8.32
djl,6.857348703170029,1.5569164265129682,0.3417534866383285,82356,4075,31,4.9
malmo,7.050359712230216,2.143884892086331,0.3278489644820144,19130,4067,21,8.35
ViewPagerCards,5.333333333333333,1.5555555555555556,0.3872721966666666,240,4066,0,8.09
jodd,4.035714285714286,1.4587912087912087,0.1919171710563187,26882,4063,37,12.04
open-location-code,4.925373134328358,1.1791044776119404,0.1953932365671641,2250,4061,5,9.98
tiny-spring,3.0849056603773586,1.150943396226415,0.1335978858490566,1543,4046,0,10.7
crate,7.442277486910995,1.6422774869109948,0.2674067194943717,439619,4044,107,11.45
CC,4.966666666666667,1.2583333333333333,0.1802930470833333,4599,4042,0,6.83
greys-anatomy,4.066666666666666,1.1541666666666666,0.2354562557083333,10774,4021,0,11.83
Bolts-Android,2.132911392405063,1.0822784810126582,0.0713239221518987,5144,4017,11,10.64
QAuxiliary,7.64484126984127,1.3115079365079363,0.358559064265873,40708,4017,42,2.65
bistoury,4.983835415135929,1.281410727406319,0.2959753085525349,73638,4015,8,5.14
Phoenix,4.333333333333333,1.6666666666666667,0.1593011804166666,976,4014,1,9.69
FloatingActionButton,5.666666666666667,1.8148148148148149,0.2335845133333333,1014,4007,0,10.17
maxwell,6.146103896103896,1.6233766233766234,0.2850360220454545,17557,4004,207,9.62
SmartCropper,6.25,1.3333333333333333,0.2727525541666666,1021,4004,13,7.14
TwinklingRefreshLayout,4.28476821192053,1.3708609271523178,0.1660805282781456,6273,3996,0,8.56
XCL-Charts,7.740061162079511,2.17737003058104,0.4082997448929663,23397,3992,0,10.29
dubbo-admin,4.608695652173913,1.3782608695652174,0.3310753199130435,9893,3987,6,6.7
BadgeView,4.342857142857143,1.3142857142857145,0.1496996922857142,1759,3985,5,7.62
Wukong_HRM,6.592885375494071,1.184189723320158,0.1122294453581027,44204,3984,0,0.93
hawk,3.615384615384616,1.0384615384615383,0.1308420742307692,834,3983,22,9.59
chunjun,7.151366120218579,1.540983606557377,0.3677721342349727,96542,3979,30,6.47
BigImageViewer,4.607142857142857,1.2857142857142858,0.1767606620238095,2513,3979,0,7.88
Suwayomi-Server,4.952554744525547,1.7116788321167884,0.3603695556934306,25734,3968,56,3.75
zotfile,0.0,0.0,0.0,0,3958,33,12.73
GuideView,3.742857142857143,1.3714285714285714,0.1932338028571428,1246,3956,0,8.26
tech-weekly,2.014925373134328,1.0298507462686568,0.0725775891044776,990,3954,0,5.8
RxJavaSamples,4.547169811320755,1.3962264150943395,0.2288522037735849,1001,3940,3,8.5
android-iconify,3.511627906976744,1.2325581395348837,0.240322663488372,909,3928,0,11.28
interviewGuide,0.0,0.0,0.0,0,3926,0,8.42
jstorm,5.549797775530839,1.5525783619818,0.2785077277457027,296225,3915,22,11.05
RichText,4.2727272727272725,1.446969696969697,0.2169809616666666,5185,3913,0,9.17
aurora,7.287625418060201,1.117056856187291,0.0961146930100334,4956,3912,0,2.09
java-developer-roadmap,0.0,1.0,0.0,5,3911,0,5.42
guide-rpc-framework,4.825,1.2375,0.149285714125,1583,3904,0,4.37
Conductor,5.476744186046512,1.3488372093023255,0.2324715563953488,5385,3895,36,8.52
effective-java-3e-source-code,1.1287128712871286,1.188118811881188,0.1257212337623762,3018,3886,0,6.14
learning-spark,2.827067669172932,1.0150375939849623,0.0527631593984962,2295,3884,0,10.27
XposedInstaller,4.896551724137931,1.41871921182266,0.2033130567487684,8980,3877,0,12.47
LiveEventBus,3.241042345276873,1.1107491856677525,0.1012576918241042,7584,3868,0,6.2
dolby_beta,4.145945945945946,1.454054054054054,0.1676467574054054,7302,3863,37,4.34
incubator-streampark,6.777017783857729,1.2612859097127225,0.2635715631682626,27727,3855,27,5.33
DataMiningAlgorithm,2.293650793650793,1.0873015873015872,0.3652063203174603,11663,3854,0,9.7
XChange,5.792726587525909,1.5031091011871114,0.2181568518733748,160165,3851,0,12.64
BackgroundLibrary,4.7899159663865545,1.2100840336134453,0.0686403565210084,8029,3839,13,6.04
ahbottomnavigation,5.108695652173913,1.173913043478261,0.1757409263043478,2339,3835,14,8.52
jetty.project,5.548614696265703,1.6164171399070728,0.1898277353389261,572404,3832,104,13.19
MaterialSearchView,4.048780487804878,1.3170731707317074,0.1087639012195121,1361,3829,6,9.02
xboot,7.415472779369628,1.2120343839541547,0.1435531483782235,10265,3827,6,6.42
Launcher3,7.24949494949495,1.477777777777778,0.2607403227020202,60130,3825,22,7.32
sofa-rpc,5.305464121132324,1.3225806451612905,0.2137644485391704,71567,3814,59,6.46
CircleProgress,5.76,1.68,0.3006288548,1451,3811,0,9.9
awaitility,3.152046783625731,1.1929824561403508,0.1604645087134502,5356,3805,0,14.67
geoserver,7.203512920114846,1.824522884647864,0.3584075903307718,734769,3799,49,12.87
jmonkeyengine,6.485015290519877,1.7204892966360856,0.2756815475076452,199839,3784,64,10.51
Leetcode,1.5558631599762704,1.0003954913980622,0.0370270107615186,138743,3779,0,8.15
TinyPinyin,2.0615384615384613,1.0923076923076922,0.1021250983076923,1401,3778,2,8.98
MarqueeView,5.409090909090909,1.3636363636363635,0.1822928499999999,804,3774,0,8.31
SuperTextView,3.046511627906977,1.162790697674419,0.0787292313953488,4002,3773,39,7.43
roboguice,4.701349325337332,1.4158920539730135,0.0961472320800599,74026,3771,0,12.11
screw,4.985294117647059,1.3529411764705883,0.1069882138235294,3941,3767,0,4.25
unidbg,5.217416715371128,1.5365283459964931,0.2162849015160724,89754,3767,15,5.57
DSBridge-Android,2.978723404255319,1.1063829787234043,0.0543465051063829,1841,3766,2,7.72
IDDD_Samples,4.7357910906298,1.6436251920122888,0.3785950501075268,28475,3762,0,11.46
andOTP,6.108433734939759,1.5,0.1920718585542168,8443,3755,38,7.22
mpush,4.731155778894473,1.3442211055276383,0.2855190059045226,15032,3753,9,8.4
MallChat,6.231981981981982,1.2027027027027026,0.2162442298648648,9260,3752,0,1.52
oblivion,5.637931034482759,1.4827586206896552,0.2320254065517241,2584,3745,11,0.62
sticky-headers-recyclerview,4.620689655172414,1.2758620689655171,0.1524904237931034,808,3742,0,9.97
dynamic-tp,4.930417495029821,1.3220675944333995,0.192354597057654,15465,3741,14,2.71
CustomActivityOnCrash,5.4,1.3333333333333333,0.2284507953333333,893,3737,12,10.22
blurkit-android,6.1,1.5,0.360054098,497,3722,3,7.88
spruce-android,4.860655737704918,1.3688524590163935,0.1785420146393442,4269,3718,3,7.58
java-tron,8.749044585987262,1.8713375796178344,0.3034397402821656,141820,3714,77,6.74
SwipeDelMenuLayout,3.1,1.25,0.09504770775,1085,3713,2,8.08
leetcode-editor,6.322259136212624,1.7375415282392026,0.2439893033554817,13421,3713,55,5.51
novel-plus,6.373096446700508,1.2131979695431472,0.3684830635786802,14696,3711,23,4.39
AndServer,5.0233644859813085,1.5420560747663552,0.2887666424299065,12029,3709,1,8.27
NoHttp,4.456140350877193,1.5,0.271487768991228,8428,3707,0,9.15
markor,6.981012658227848,1.509493670886076,0.3052120569620253,27566,3704,72,7.07
ripme,4.766081871345029,2.690058479532164,0.2635450292982456,19824,3703,126,7.71
StylishMusicPlayer,5.025773195876289,1.309278350515464,0.1969949650515464,5777,3701,0,8.02
automq,7.166335708445275,1.4061441420394811,0.2985487523003153,614169,3701,39,1.1
fastjson2,2.599600931160625,1.1871189446846249,0.1152530512514133,399838,3690,54,2.43
atmosphere,5.496626180836707,1.3076923076923077,0.1944855711956815,36657,3685,0,14.23
ASimpleCache,4.586206896551724,1.3103448275862069,0.307014624137931,1993,3683,0,11.15
bitcoin-wallet,7.462532299741602,1.7131782945736431,0.2395341785271318,18176,3680,18,12.48
ChatKit,5.768518518518518,2.8981481481481484,0.263661474537037,4680,3680,1,7.64
rejoiner,6.618320610687023,1.5725190839694656,0.1440808316793893,3566,3671,3,6.79
Skeleton,3.727272727272727,1.2424242424242424,0.1955140454545454,752,3669,0,7.15
Terasology,6.106761565836299,1.4580071174377225,0.2672758438736655,111599,3665,70,13.56
groupie,5.096774193548387,1.827956989247312,0.1951659204301075,3898,3664,28,8.05
Play-with-Algorithms,2.9323308270676693,1.0075187969924813,0.1860435386466165,5384,3661,0,8.22
ByteLegend,6.979661016949152,1.0033898305084743,0.6108993171864407,104032,3652,0,3.64
android-common,3.5176470588235293,1.2470588235294118,0.3712937752941176,6519,3650,0,10.32
incubator-heron,5.562649164677804,1.4349642004773269,0.3117427535536993,69959,3647,56,8.99
Linkage-RecyclerView,6.4,1.5466666666666666,0.3382611813333334,2552,3639,0,5.42
My-Blog,4.758620689655173,1.0517241379310345,0.3186045243103448,2411,3637,0,5.56
kylin,7.726041887031944,1.5047598899936534,0.3091610768216628,310507,3634,0,9.72
databus,5.5,1.3608179419525066,0.3549487083990765,124341,3633,0,11.76
Aliucord,7.525,1.4875,0.310442965375,5034,3625,14,3.57
NullAway,4.380333951762523,1.207792207792208,0.1864727105918367,20572,3620,20,7.06
react-native-share,5.634146341463414,2.073170731707317,0.4901983548780487,1786,3619,121,8.98
emojicon,5.153846153846154,1.564102564102564,0.3024079102564103,2971,3612,2,10.68
light-4j,4.4734513274336285,1.1707964601769911,0.2975616006044248,63732,3609,187,8.03
ExplosionField,4.9,1.5,0.2533766209999999,343,3600,0,9.0
ShedLock,5.815217391304348,2.0217391304347827,0.2697369024048913,10480,3597,0,7.78
DropDownMenu,4.526315789473684,1.368421052631579,0.3293723821052631,513,3589,2,9.25
BannerViewPager,5.397260273972603,1.4109589041095891,0.257218838630137,3143,3588,56,7.49
android-stackblur,1.7560975609756098,1.0975609756097562,0.0914924504878048,933,3585,0,11.1
undertow,5.160875160875161,1.2332689832689834,0.2021826582483912,160592,3581,5,12.18
sofa-jraft,5.991452991452992,1.433267587113741,0.315940585634451,145945,3569,31,5.56
data-transfer-project,6.97677261613692,1.2616136919315404,0.2694690081124694,29871,3567,61,6.71
Alink,6.472680601393472,1.742329788534409,0.3874590887149493,475597,3566,22,5.98
parceler,4.702272727272727,1.35,0.1498276079363636,10156,3560,0,11.22
pixel-dungeon,5.6305125148986885,2.622169249106079,0.292227131544696,38623,3558,0,10.16
chatgpt-java,5.27536231884058,1.2753623188405796,0.1939364308695652,2010,3554,24,1.61
FlexibleAdapter,6.024539877300613,2.113496932515337,0.2627087119325153,15853,3552,30,9.39
JCTools,4.601522842639594,3.908629441624365,0.3124453359746193,37082,3552,18,10.87
netty-learning,5.017182130584192,1.664089347079038,0.2787498251417525,68759,3551,0,11.01
NewbieGuide,4.307692307692308,1.1794871794871795,0.1523062787179487,1896,3551,20,7.15
MagicaSakura,8.297619047619047,1.6785714285714286,0.3505801782142857,5367,3550,3,8.25
Android-BluetoothKit,4.074688796680498,1.2406639004149378,0.2054497814107883,8347,3550,0,8.96
ThreeTenABP,4.285714285714286,1.4285714285714286,0.1071428571428571,117,3544,0,9.22
android-maps-utils,6.75,1.6226415094339623,0.2997577966320754,13329,3544,42,11.35
retrolambda,2.5125,1.4125,0.0903886577083333,4848,3544,0,11.18
floatingsearchview,3.5703703703703704,1.1777777777777778,0.1218646384444444,4170,3543,0,8.84
java,6.6911505246541,1.4980963877797382,0.3362075343729223,1917500,3543,46,7.37
AppUpdate,4.4375,1.15625,0.141803003125,2925,3541,3,7.26
hackpad,5.088852988691438,1.806138933764136,0.4225057102455573,87731,3538,0,9.11
spock,5.454674220963173,1.4688385269121813,0.2453814608781869,24786,3538,24,13.78
vertx-examples,4.8359375,1.7421875,0.0826614365885416,8835,3538,0,9.58
RecyclerViewPager,4.309859154929577,1.4929577464788732,0.1501252809859155,2735,3533,10,9.68
Store,6.2,1.5620689655172413,0.2055627886034482,11288,3528,0,7.81
shopizer,7.850770478507704,1.6788321167883211,0.4100916815450122,53569,3524,18,11.84
Music-Player,4.40625,1.75,0.23258141375,926,3519,2,8.38
tablesaw,6.053050397877984,1.2758620689655171,0.2629479319389921,47857,3519,79,8.73
Android,4.803571428571429,1.6607142857142858,0.2358636907142857,1410,3518,0,11.06
jackson-databind,3.800521251002406,1.7311547714514837,0.1776162973847233,157315,3514,0,12.75
mlkit,7.584269662921348,1.4943820224719102,0.2795719650449438,9234,3513,1,4.32
OpenPDF,6.355531686358754,1.5778732545649838,0.329047000528464,96759,3512,73,8.2
SwipeMenuListView,4.393939393939394,1.4545454545454546,0.1804725148484848,1347,3508,2,10.08
RoaringBitmap,5.567961165048544,1.1262135922330097,0.2155020385436893,75537,3502,24,11.26
bundletool,9.427058823529412,1.2670588235294118,0.2769124590235294,52510,3499,60,6.39
GeekNews,4.626423690205011,1.4464692482915718,0.264654170546697,11939,3495,0,8.13
helidon,5.56934745966771,1.4553334938598603,0.2613040200604382,356961,3490,106,6.07
BlurView,5.392857142857143,1.5,0.2490068503571428,712,3489,28,8.42
grpc-spring,6.58128078817734,1.477832512315271,0.1946504648275862,10490,3479,34,7.73
LoadSir,5.1891891891891895,1.554054054054054,0.200188745,1481,3472,6,7.06
libstreaming,3.5730337078651684,1.4157303370786516,0.3220435975280899,6798,3472,0,11.64
JavaSourceCodeLearning,2.854889589905363,1.2586750788643533,0.1774410697791798,6045,3471,0,4.31
spotbugs,4.281933025867255,1.3679566873872069,0.1724956921969119,211925,3460,64,7.88
PreviewSeekBar,5.652173913043479,1.173913043478261,0.2551195991304347,1166,3456,10,7.66
BottomNavigationViewEx,4.896551724137931,1.5862068965517242,0.1528323527586206,1371,3455,19,7.86
spring-cloud-kubernetes,7.46073793755913,1.237464522232734,0.2018138452128666,31055,3453,17,7.77
Telegram-X,9.187173231090972,1.4043220634367377,0.2879399865688393,415998,3452,4,3.1
SeeWeather,4.9245283018867925,1.5377358490566038,0.2685302045283019,3101,3448,2,8.59
JavaEETest,3.5064935064935066,1.0974025974025974,0.1210222136363636,2293,3446,0,7.78
SSM,3.188073394495413,1.151376146788991,0.3181756251376147,12864,3444,10,8.25
grobid,5.225402504472272,1.2343470483005368,0.319466028157424,61318,3438,21,12.02
ShadowLayout,4.6571428571428575,1.1714285714285717,0.0836619954285714,2070,3438,27,5.21
android-hidden-api,8.5,1.0,0.4430067075,480,3436,1,9.02
AlgoDS,1.3380281690140845,1.004225352112676,0.0796641218450704,21217,3434,0,7.77
giffun,5.382845188284519,1.2782426778242677,0.2752441651046025,22397,3434,0,5.65
initializr,5.547752808988764,1.2682584269662922,0.2510019442696629,30372,3430,16,11.29
immutables,4.737704918032787,1.2954632100648114,0.1022959809744567,67905,3422,11,11.21
RxAndroidBle,5.381856540084388,1.3164556962025316,0.2269462808438818,15397,3420,58,8.63
Android-Week-View,3.6296296296296298,1.2592592592592593,0.1791977874074074,2003,3418,4,10.02
brigadier,6.635294117647059,1.152941176470588,0.3015998095294118,4312,3418,3,10.02
fernflower,4.1075949367088604,1.2120253164556962,0.2173264165822785,57690,3412,0,9.97
android-priority-jobqueue,4.79155672823219,1.717678100263852,0.2072398422691292,14102,3402,0,10.26
ftgo-application,5.345945945945946,1.1891891891891893,0.2391396293243243,6868,3400,0,6.92
LQRWeChat,5.005181347150259,1.4170984455958548,0.2946839472020725,17612,3397,0,7.62
migration,1.4166666666666667,1.0,0.0,101,3396,0,4.71
QNotified,6.00587084148728,1.63013698630137,0.2875969090469667,35499,3394,28,5.5
kubernetes-client,20.80796472003207,1.121074435386877,0.5356355173470533,351421,3391,114,9.21
yacy_search_server,5.639619883040936,1.385233918128655,0.3102861961440059,149401,3383,0,9.51
android-butterknife-zelezny,4.926829268292683,1.6585365853658536,0.2805749134146341,1626,3380,8,10.75
volley,5.190476190476191,1.696969696969697,0.1791495976926407,9295,3376,9,7.66
AutoDispose,7.796992481203008,1.3759398496240602,0.2422272428571428,5399,3368,4,7.75
MyBatis-Spring-Boot,5.2,1.25,0.2191534465,396,3366,0,8.76
akhq,8.232876712328768,1.297945205479452,0.2526904750342466,17009,3360,41,6.03
marshalsec,7.291666666666667,1.8194444444444444,0.0752314816666666,2207,3359,0,7.34
BubbleSeekBar,4.9,1.3,0.1805887133333333,1958,3356,12,7.89
http-request,2.238095238095238,1.113095238095238,0.0262067622023809,4876,3353,0,12.92
logging-log4j2,5.516186516186516,1.514998514998515,0.3153507386332047,163792,3350,9,11.28
MyPerf4J,4.101307189542483,1.173202614379085,0.2601297394117647,10298,3348,23,6.54
syncthing-android,6.514084507042254,1.6901408450704225,0.2768637180985915,8424,3348,329,10.58
pdfsam,7.037795275590551,1.404724409448819,0.2074891197559055,19156,3336,61,11.0
DDComponentForAndroid,3.0980392156862746,1.3137254901960784,0.2356668231372549,1449,3335,4,7.04
ScalingLayout,3.333333333333333,1.2222222222222223,0.0905185137037037,631,3332,4,6.98
archi,5.457142857142857,1.2285714285714286,0.2035018787142857,2029,3328,0,9.03
red5-server,5.339869281045751,1.408496732026144,0.3388526194989106,61587,3328,91,10.84
Iris,6.243575418994413,1.3262569832402236,0.2376609624134078,36953,3321,139,3.92
ffmpeg-android-java,2.9148936170212765,1.446808510638298,0.1436800159574468,1306,3321,8,10.03
incubator-kie-optaplanner,7.257160455805359,1.8712657838004312,0.2638911988438558,156398,3316,4,13.6
FlatLaf,3.752105896510229,3.726835138387485,0.3257481763176896,70892,3315,82,5.1
learning-note,2.1945288753799392,1.1732522796352585,0.1146956905167173,13368,3313,0,4.27
AxonFramework,5.99052693901717,1.3066903493191238,0.2515918400796329,131295,3310,123,12.81
jvm-tools,4.128617363344051,1.207395498392283,0.2377437689163987,33940,3308,0,12.4
chatgpt-java,6.741293532338308,1.099502487562189,0.1016034804278606,3866,3307,10,1.61
igniter,4.559322033898305,1.2203389830508475,0.146562273220339,6122,3307,33,5.87
99-problems,1.699248120300752,1.0,0.00877193,2057,3306,0,8.84
SuperTextView,3.3916666666666666,1.15,0.1207496243333333,4733,3303,33,7.43
linkis,4.882487600152613,1.3494849294162534,0.2735605861007248,101745,3294,31,5.17
android,4.208984375,1.517578125,0.1508421720898437,22657,3292,33,9.97
actor-platform,4.983216356423558,1.4418675617943242,0.230874710122368,134900,3286,97,9.26
jvm-serializers,6.533519553072626,1.8575418994413408,0.2704738479329609,31495,3286,0,14.41
leetcode,1.6057692307692308,1.0,0.1713110538557692,19926,3277,0,7.54
LeafPic,6.049822064056939,1.4590747330960854,0.2223930176868327,13594,3265,7,8.71
SurveyKing,5.175,1.23,0.1098679405249999,9237,3261,3,3.04
Chronicle-Queue,5.604868913857678,1.604868913857678,0.2230330174719101,29075,3261,511,11.31
UETool,5.495575221238938,1.7433628318584071,0.1897796023008849,4165,3258,10,6.35
hope-boot,5.677685950413223,1.2644628099173554,0.2054757259504132,2870,3257,2,5.93
PRDownloader,2.3375,1.04375,0.0837155331875,4709,3254,7,6.86
springdoc-openapi,4.093998553868402,1.3279103398409255,0.1097433969255242,42378,3252,79,5.2
maestro,8.182746878547105,1.6333711691259931,0.2473134948830873,44970,3249,0,0.43
sndcpy,7.75,2.0,0.2886904925,214,3249,2,4.28
ChipsLayoutManager,5.122881355932203,1.326271186440678,0.134065632779661,6101,3247,11,8.13
Cockroach,3.2280701754385963,1.1754385964912282,0.0807435257894736,1562,3245,1,7.6
Android-Tips,1.0,1.0,0.0,177,3238,0,9.03
librec,6.862212943632568,2.0605427974947808,0.2575499909645093,30216,3237,3,10.7
jfinal,4.626072041166381,1.4871355060034306,0.3079801514065179,33911,3235,0,12.41
react-native-notifications,5.764705882352941,1.3529411764705883,0.2086987405882353,1567,3231,28,8.46
javacore,0.9732620320855616,1.125668449197861,0.0882932889483065,21245,3230,0,7.1
cyberduck,6.491608012994044,1.3623443421765025,0.1752747675453438,294397,3230,0,7.67
my-site,6.188888888888889,1.1888888888888889,0.204030708,3453,3230,0,6.39
GalleryFinal,5.572519083969466,1.4274809160305344,0.2566600404580152,7997,3228,4,9.0
concurrency-limits,4.658730158730159,1.2857142857142858,0.3118954944920635,5034,3228,100,6.78
camunda,7.49101683755056,1.494779418681215,0.2862889349757314,433205,3224,300,8.51
android-saripaar,5.243243243243243,1.891891891891892,0.2715331646621621,4723,3223,3,12.04
AndroidViewHover,3.5789473684210527,1.2105263157894737,0.1424489652631579,712,3210,4,10.12
LoganSquare,3.859375,1.75,0.1133621739583333,6892,3210,0,9.6
